{
    "CG" : [-4.33378,0.001057,-1.93078],
    "weight" : 8.78,
    "reference" : {
    },

    "airfoils" : {
        "NACA_0012" : {
            "type" :"linear",
            "aL0" : 0.0,
            "CLa" : 5.9866,
            "CmL0" : 0.0,
            "Cma" : 0.0546,
            "CD0" : 0.00539,
            "CD1" : 0.0,
            "CD2" : 0.01404,
            "CL_max" : 1.2363,
            "geometry" : {
                "NACA" : "0012"
            }
        }
    },
    "wings" : {
        "main_wing" : {
            "ID" : 1,
            "side" : "both",
            "is_main" : true,
            "semispan" : 4.0,
            "sweep" : [[0.0, 0.0],
                       [1.0, 45.0]],
            "dihedral" : [[0.0, 0.0],
                          [0.9, 10.0],
                          [1.0, 70.0]],
            "chord": [  [0	 ,  2.75],
                        [0.01,	2.741578309],
                        [0.02,	2.716502367],
                        [0.03,	2.675335327],
                        [0.04,	2.619001711],
                        [0.05,	2.548766652],
                        [0.06,	2.466207476],
                        [0.07,	2.373178286],
                        [0.08,	2.271768316],
                        [0.09,	2.164255016],
                        [0.1,	2.053052902],
                        [0.11,	1.940659334],
                        [0.12,	1.829598429],
                        [0.13,	1.722364377],
                        [0.14,	1.621365422],
                        [0.15,	1.528869783],
                        [0.16,	1.446954714],
                        [0.17,	1.377459849],
                        [0.18,	1.321945894],
                        [0.19,	1.281659572],
                        [0.2,	1.257505628],
                        [0.9,	0.5],
                        [1.0,	0.125]],

            "airfoil" : "NACA_0012"
            }
        },
            "grid" : {
                "N" : 50,
                "distribution" : "linear"
            }
}