{
    "CG" : [-4.33378,0.001057,-1.93078],
    "weight" : 8.78,
    "reference" : {
    },

    "airfoils" : {
        "NACA_0012" : {
            "type" :"linear",
            "aL0" : 0.0,
            "CLa" : 5.9866,
            "CmL0" : 0.0,
            "Cma" : 0.0546,
            "CD0" : 0.00539,
            "CD1" : 0.0,
            "CD2" : 0.01404,
            "CL_max" : 1.2363,
            "geometry" : {
                "NACA" : "0012"
            }
        }
    },
    "wings" : {
        "main_wing" : {
            "ID" : 1,
            "side" : "both",
            "is_main" : true,
            "semispan" : 4.0,
            "sweep" : [[0.0, 0.0],
                       [1.0, 45.0]],
            "dihedral" : [[0.0, 0.0],
                          [0.9, 10.0],
                          [1.0, 70.0]],
            "chord": [  [0	 ,  2.75],
                        [0.09375,	2.75],
                        [0.09375,	2.164255016],
                        [0.1,	2.7],
                        [0.11,	2.5],
                        [0.12,	2.3],
                        [0.13,	2.1],
                        [0.14,	1.8],
                        [0.15,	1.6],
                        [0.16,	1.45],
                        [0.17,	1.377459849],
                        [0.18,	1.321945894],
                        [0.19,	1.281659572],
                        [0.2,	1.257505628],
                        [0.9,	0.5],
                        [1.0,	0.125]],

            "airfoil" : "NACA_0012"
            }
        },
            "grid" : {
                "N" : 100,
                "distribution" : "linear"
            }
}