{
    "aircraft" : {
        "wing_area" : 300.0,
        "wing_span" : 30.0
    },
    "flight" : {
        "airspeed" : 160.0,
        "density" : 0.0020,
        "weight" : 3000.0,
        "climb" : 10.0,
        "bank" : 40.0
    },
    "reference" : {
        "length" : 13.6,
        "airspeed" : 221.4737,
        "density" : 0.0023084,
        "weight" : 20500.0,
        "Ixx" : 14890.0,
        "Iyy" : 55814.0,
        "Izz" : 57706.0,
        "Ixy" : 0.0,
        "Ixz" : 16155.0,
        "Iyz" : 0.0,
        "hx" : 0.0,
        "hy" : 0.0,
        "hz" : 0.0,
        "CD0" : 0.0162,
        "CD1" : -0.0023,
        "CD2" : 0.1052,
        "CL_M" : 0.0,
        "CD_M" : 0.0,
        "Cm_M" : 0.0,
        "CL_a" : 4.2875,
        "Cl_a" : 0.0,
        "Cm_a" : -0.7959,
        "Cn_a" : 0.0,
        "CL_ahat" : 0.67838,
        "CD_ahat" : 0.0,
        "Cm_ahat" : -0.77143,
        "CL_uhat" : 0.0,
        "CD_uhat" : 0.0,
        "Cm_uhat" : 0.0,
        "CY_b" : 3.0112,
        "Cl_b" : -0.287,
        "Cm_b" : 0.0,
        "Cn_b" : 0.992,
        "CY_p" : 0.7032,
        "Cl_p" : -0.4824,
        "Cn_p" : -0.2311,
        "CL_q" : 3.4827,
        "CD_q" : 0.7183,
        "Cm_q" : -4.6718,
        "CY_r" : 1.2444,
        "Cl_r" : 0.1274,
        "Cn_r" : -0.5031
    }
}
