{
    "tag": "Polynomial fit to database for my_airfoil airfoil.",
    "degrees_of_freedom": [
        "alpha",
        "Rey",
        "Mach"
    ],
    "defaults": {
        "alpha": 0.0,
        "Rey": 0.2605263157894737,
        "Mach": 0.00550000000000006,
        "trailing_flap_deflection": 0.0,
        "trailing_flap_fraction": 0.0
    },
    "fit_degrees": {
        "CL": [
            1,
            3,
            3
        ],
        "CD": [
            4,
            3,
            3
        ],
        "Cm": [
            3,
            3,
            3
        ]
    },
    "fit_error": {
        "CL": {
            "R^2": 0.9933830397590895,
            "RMS": 0.06533978169765073,
            "RMSN": 0.09379044226776857
        },
        "CD": {
            "R^2": 0.9685217620133838,
            "RMS": 0.0036090518091516743,
            "RMSN": 0.3099958288835856
        },
        "Cm": {
            "R^2": 0.7943402213220611,
            "RMS": 0.0034294147553829606,
            "RMSN": 0.6953194691448994
        }
    },
    "fit_coefs": {
        "CL": [
            -0.0022569849775008013,
            -0.04393117834620069,
            0.8874621442878916,
            -2.3411828502379337,
            -1.256528847473966e-11,
            9.990550759945584e-09,
            -1.8647834395403802e-07,
            5.427284102666974e-07,
            -3.5284789476845604e-19,
            -4.3056780822198405e-16,
            8.691594378035759e-15,
            -2.6454432586541327e-14,
            8.073486189617686e-27,
            5.066308247024081e-24,
            -1.1168779816014253e-22,
            3.521308468961459e-22,
            6.0734407978001475,
            12.35923970768658,
            -74.30647344002631,
            54.383591383456576,
            4.469382674897747e-08,
            -1.3869122793762194e-06,
            8.292527517641227e-06,
            -2.381541520759273e-06,
            -1.4155527140426548e-15,
            4.687207616205668e-14,
            -2.632598506404115e-13,
            -2.4357525676063483e-14,
            1.4711369174985313e-23,
            -4.944253517546652e-22,
            2.6181924052636555e-21,
            1.2371281344809417e-21
        ],
        "CD": [
            0.004656197841538112,
            -0.012906199800495018,
            0.27429141502148585,
            -0.6570895007255986,
            6.496357151109704e-11,
            1.9803098404757884e-09,
            -3.8139037131200285e-08,
            9.447896981064488e-08,
            -2.1769735794752578e-18,
            -8.04816453168558e-17,
            1.483002300060446e-15,
            -3.6984985069134515e-15,
            2.2289381418392563e-26,
            9.616930631816563e-25,
            -1.7280764607412305e-23,
            4.319670919813099e-23,
            -0.003307803139652373,
            0.10604531751574474,
            -0.4645212670968987,
            1.0943045397559654,
            3.1558398629180256e-10,
            -1.1773584696573793e-08,
            6.181407922194354e-08,
            -1.9380426736150153e-07,
            -1.2000259293360021e-17,
            4.523465010649335e-16,
            -2.6454225810842927e-15,
            8.706065270619391e-15,
            1.491921715302037e-25,
            -5.466365906421053e-24,
            3.362636381614869e-23,
            -1.0992602650486329e-22,
            0.2133548061304207,
            14.354460573593027,
            -160.2265139991154,
            312.9762242273958,
            -1.2345594444389082e-08,
            -1.8898731963092414e-06,
            2.1195533346172216e-05,
            -4.311733540745665e-05,
            3.5204182481164636e-16,
            7.141665771884767e-14,
            -8.023342466520006e-13,
            1.6488559861816355e-12,
            -3.429486803618231e-24,
            -8.164122173270819e-22,
            9.182954310378735e-21,
            -1.8948879807705e-20,
            0.17177944813983254,
            -5.567515471341687,
            28.966393850443502,
            -93.27686707222654,
            -1.7047615024661283e-08,
            7.822506748891538e-07,
            -6.454729699724415e-06,
            2.417223501248486e-05,
            6.314665835138112e-16,
            -3.2816636891870115e-14,
            3.0609558613971487e-13,
            -1.1420916056365207e-12,
            -7.598961158496845e-24,
            4.0666843202240654e-22,
            -3.939088894416291e-21,
            1.444992048533245e-20,
            11.74243467883428,
            -892.3670100179967,
            7752.483506332841,
            -11834.198087986535,
            -1.2430124955002739e-06,
            0.00011205436920432092,
            -0.0009755153987647468,
            0.0015254286121433064,
            4.366548699233014e-14,
            -4.144486512832652e-12,
            3.610064068895878e-11,
            -5.627812883561123e-11,
            -4.802931713038727e-22,
            4.6848140080626935e-20,
            -4.0846939216357423e-19,
            6.34761705543467e-19
        ],
        "Cm": [
            -0.00015804909983530642,
            0.009057647744315458,
            -0.07026439903087596,
            0.11210985163102329,
            4.443074004236161e-11,
            -1.3859094490485616e-09,
            1.1099755710887503e-08,
            -1.9124386271920506e-08,
            -1.797208350799549e-18,
            5.2919775832417394e-17,
            -4.2662144116876207e-16,
            7.399010647971585e-16,
            2.160544792800682e-26,
            -5.9479568024298495e-25,
            4.806587155634664e-24,
            -8.346534731086658e-24,
            0.004068204507588706,
            -1.8641312631614342,
            10.97710344934173,
            -9.380245198615782,
            -7.893961148080889e-09,
            2.2019694340231704e-07,
            -1.204682670070333e-06,
            5.597581806594372e-07,
            2.753011914418084e-16,
            -7.900709845912411e-15,
            4.15023074284223e-14,
            -9.493078135912619e-15,
            -3.002198914845861e-24,
            8.770974477237894e-23,
            -4.499374456012543e-22,
            3.6948729099612726e-23,
            -0.00018095439836266384,
            -0.147066357365559,
            2.8393261767383584,
            -6.490830084806114,
            -9.514296335320512e-10,
            5.051045887714626e-08,
            -6.358144627633989e-07,
            1.41241284268175e-06,
            4.65260922903555e-17,
            -2.0240263961229393e-15,
            2.3571543964969897e-14,
            -4.9178397035407343e-14,
            -5.681699673324728e-25,
            2.1127291886454384e-23,
            -2.32890702508646e-22,
            4.355081667274825e-22,
            -1.4926261312109195,
            101.19789435044255,
            -516.8280676742186,
            299.7850947299175,
            2.913102804033667e-07,
            -1.1792751960296964e-05,
            5.573686536384415e-05,
            3.5969183316765688e-06,
            -1.0982291799234371e-14,
            4.1990126337521286e-13,
            -1.870246102867569e-12,
            -8.093014899155236e-13,
            1.23473366166569e-22,
            -4.6369280832992835e-21,
            1.990439015778877e-20,
            1.3487169743915579e-20
        ]
    }
}