{
    "tag": "Polynomial fit to database for my_airfoil airfoil.",
    "degrees_of_freedom": [
        "alpha",
        "Rey",
        "Mach"
    ],
    "defaults": {
        "alpha": 0.0,
        "Rey": 0.2368421052631579,
        "Mach": 0.000500000000000056,
        "trailing_flap_deflection": 0.0,
        "trailing_flap_fraction": 0.0
    },
    "fit_degrees": {
        "CL": [
            1,
            3,
            3
        ],
        "CD": [
            4,
            3,
            3
        ],
        "Cm": [
            3,
            3,
            3
        ]
    },
    "fit_error": {
        "CL": {
            "R^2": 0.9994480165385004,
            "RMS": 0.02014498457239185,
            "RMSN": 0.027174470538238037
        },
        "CD": {
            "R^2": 0.9653311048085409,
            "RMS": 0.000687606149650245,
            "RMSN": 0.09615129528517716
        },
        "Cm": {
            "R^2": 0.9690104716806758,
            "RMS": 0.0012045282283350011,
            "RMSN": 0.356057945822603
        }
    },
    "fit_coefs": {
        "CL": [
            0.0025816589467521933,
            -0.18260503435016795,
            1.3833540102745598,
            -2.5933950960126753,
            -2.6962819694939696e-10,
            2.0805067769625728e-08,
            -1.6382852267565194e-07,
            3.2886248717046916e-07,
            7.388979787763263e-18,
            -8.256242409153946e-16,
            6.933638627931168e-15,
            -1.4880990656419566e-14,
            -4.898745290124036e-26,
            1.011657986497655e-23,
            -9.115085472767821e-23,
            2.0647793044415546e-22,
            6.48960813870595,
            -4.129766079951214,
            38.237706608486945,
            -65.61553091922232,
            1.828340699320192e-09,
            4.916066619940697e-07,
            -4.098271390345855e-06,
            8.7878279187481e-06,
            3.869550042219618e-17,
            -1.7304077410695468e-14,
            1.493269828092905e-13,
            -3.30399899741675e-13,
            -7.682336374677487e-25,
            1.9138743887500614e-22,
            -1.713165567272322e-21,
            3.9267533671872694e-21
        ],
        "CD": [
            0.006112107978686696,
            -0.0034822815249121297,
            -0.049021941157418,
            0.20416305697202966,
            -5.1254978108333785e-11,
            -2.4475876817205605e-10,
            1.4669548207539953e-08,
            -4.705273728154539e-08,
            1.1277428222519934e-18,
            3.5312084608414e-17,
            -8.658727129338343e-16,
            2.5957154466332327e-15,
            -9.67958913377436e-27,
            -7.151156832105684e-25,
            1.3609356639609165e-23,
            -3.9666420702191807e-23,
            0.011227639829332758,
            -0.22542962687934748,
            1.3072365656230813,
            -2.1465641802926605,
            -1.5923059869039252e-09,
            2.3329243641671713e-08,
            -1.1532960777175553e-07,
            1.7603512479899496e-07,
            6.318991789212175e-17,
            -7.274367787186521e-16,
            2.937621321358474e-15,
            -3.885028500628243e-15,
            -7.454380864516334e-25,
            6.93416468855899e-24,
            -2.067788203279715e-23,
            1.823892304657089e-23,
            -0.04042650876839203,
            4.076988398934051,
            -5.148091302818076,
            -23.64941661866732,
            2.0196161421696785e-08,
            -8.397155757428156e-07,
            2.1844978509225193e-06,
            1.4187518309762972e-06,
            -1.0418952731227308e-15,
            3.844816074893638e-14,
            -1.0720638864094883e-13,
            -5.171226032839252e-14,
            1.426236821981953e-23,
            -4.8356189721198495e-22,
            1.2898282197080256e-21,
            9.884676024448126e-22,
            -0.46100228612720917,
            13.14849580032509,
            -87.26926079251464,
            151.85084860573116,
            6.256269953923687e-08,
            -1.4475521166450032e-06,
            9.138056297185786e-06,
            -1.5788047700414218e-05,
            -2.4445277936289182e-15,
            4.9617836032023745e-14,
            -3.03088406244301e-13,
            5.244854672228089e-13,
            2.872548732475221e-23,
            -5.341980526045244e-22,
            3.1970980866294807e-21,
            -5.567592911528951e-21,
            5.422976771384111,
            -30.517493830072862,
            -544.6766119197049,
            2068.8004272722637,
            -8.693570655325102e-07,
            1.6424155134235235e-05,
            1.0479707360156181e-06,
            -0.00016829948884615633,
            4.0748512829912135e-14,
            -8.935378775280809e-13,
            1.2687849069420943e-12,
            5.186234152124438e-12,
            -5.358057036635645e-22,
            1.20857360062705e-20,
            -2.0829853622742814e-20,
            -6.273759929196138e-20
        ],
        "Cm": [
            -0.0004453923116536693,
            0.020298290779593504,
            -0.14664284509308506,
            0.2633837377774199,
            5.491422091297287e-11,
            -2.521434010255911e-09,
            1.8559022387880558e-08,
            -3.445618116502456e-08,
            -2.089001330763773e-18,
            9.822519090026032e-17,
            -7.432024310810436e-16,
            1.434953675555058e-15,
            2.4339492923106954e-26,
            -1.1791523354617962e-24,
            9.162113109892715e-24,
            -1.8335829915976054e-23,
            -0.0006963677239418229,
            0.7418863603251252,
            -5.502107551614822,
            10.292425922052459,
            -1.4782116519224218e-10,
            -9.22058846501212e-08,
            7.002344084090662e-07,
            -1.2981397731398262e-06,
            -1.3930398274751008e-17,
            3.4114583284348127e-15,
            -2.6002404114945285e-14,
            4.844554536820285e-14,
            2.7722150556216797e-25,
            -3.892384852947634e-23,
            2.9781667090311163e-22,
            -5.582503593217328e-22,
            0.04314709938157108,
            -2.227277926077447,
            16.217095282496153,
            -29.015248919425623,
            -5.496492009721158e-09,
            2.783236425280434e-07,
            -2.0495498263968723e-06,
            3.7456386449376267e-06,
            2.0490722533853657e-16,
            -1.0437691886663432e-14,
            7.774296725879676e-14,
            -1.4522892157373906e-13,
            -2.347244656525161e-24,
            1.205038837109798e-22,
            -9.075812998813e-22,
            1.7322971140852225e-21,
            1.1651412102123622,
            -39.87448628668116,
            304.4206568221488,
            -502.9002257978967,
            -8.81228738501703e-08,
            5.030941570270526e-06,
            -3.75637679190876e-05,
            6.756409017391152e-05,
            3.2603420467772556e-15,
            -1.8236236661432772e-13,
            1.3553956341373563e-12,
            -2.4240613838865912e-12,
            -3.7959247815989614e-23,
            2.033744319906261e-21,
            -1.503409466283087e-20,
            2.670204517403059e-20
        ]
    }
}