{
    "tag": "Polynomial fit to database for my_airfoil airfoil.",
    "degrees_of_freedom": [
        "alpha",
        "Rey",
        "Mach"
    ],
    "defaults": {
        "alpha": 0.0,
        "Rey": 0.2131578947368421,
        "Mach": 0.0004999999999999449,
        "trailing_flap_deflection": 0.0,
        "trailing_flap_fraction": 0.0
    },
    "fit_degrees": {
        "CL": [
            1,
            3,
            3
        ],
        "CD": [
            4,
            3,
            3
        ],
        "Cm": [
            3,
            3,
            3
        ]
    },
    "fit_error": {
        "CL": {
            "R^2": 0.9998488351102471,
            "RMS": 0.010584316451033792,
            "RMSN": 0.014219564914029034
        },
        "CD": {
            "R^2": 0.12886317531200953,
            "RMS": 0.0018020574134263207,
            "RMSN": 0.2619760615502247
        },
        "Cm": {
            "R^2": 0.9984064317300777,
            "RMS": 0.00025013409116493227,
            "RMSN": 0.07982570040873749
        }
    },
    "fit_coefs": {
        "CL": [
            -0.004557841571121585,
            0.06347816427941247,
            -0.4049319788511681,
            0.6972585781224133,
            7.403519779264352e-10,
            -1.2126602571744244e-08,
            7.861836304176658e-08,
            -1.421658399874629e-07,
            -3.5507188246390185e-17,
            4.92453540834676e-16,
            -2.8352036271745157e-15,
            4.932867445144968e-15,
            4.910264501445187e-25,
            -6.4787135196551936e-24,
            3.393259487706849e-23,
            -5.643894883038407e-23,
            6.397103403223547,
            0.9845277122108322,
            -4.807758366034902,
            21.981530644526995,
            1.6163466238782694e-08,
            -2.795368191357074e-07,
            2.4199254074933627e-06,
            -4.603528264605978e-06,
            -5.613057074913223e-16,
            1.440160253329057e-14,
            -1.205343007074627e-13,
            2.305747837536372e-13,
            6.5602832669341226e-24,
            -1.915014545515528e-22,
            1.579882583985235e-21,
            -3.0154010171921833e-21
        ],
        "CD": [
            -0.024887202487786277,
            0.6929908379449213,
            -3.9385345821907154,
            6.302248814285755,
            4.743639929602619e-09,
            -1.0431421701631295e-07,
            5.824385679658731e-07,
            -9.188084409738988e-07,
            -1.9897405287686937e-16,
            4.302498419260455e-15,
            -2.383495671566351e-14,
            3.7354476881377637e-14,
            2.431622909701578e-24,
            -5.212738180352031e-23,
            2.8733099077313913e-22,
            -4.484370033351051e-22,
            0.04313885688245504,
            0.3958926497943808,
            -6.612301844791822,
            15.809503334397617,
            -1.0207235194488994e-08,
            2.080332049930303e-09,
            6.954951391389458e-07,
            -1.9339533146978475e-06,
            5.036150264218167e-16,
            -1.578078234459747e-15,
            -2.0896072986325647e-14,
            6.75548232111923e-14,
            -6.73023053135841e-24,
            3.095672952345019e-23,
            1.8914229483619813e-22,
            -7.152090143926424e-22,
            5.929744577617626,
            -118.28072354505548,
            660.4335799093501,
            -1068.3124413828202,
            -8.827955886745641e-07,
            1.6749958971165062e-05,
            -9.057534950949389e-05,
            0.00014370058403488802,
            3.618282660552959e-14,
            -6.665292449565799e-13,
            3.539665782210107e-12,
            -5.55311613143872e-12,
            -4.366071120631487e-22,
            7.894299309496646e-21,
            -4.1417113449746146e-20,
            6.447605283023852e-20,
            -2.063354200983587,
            5.7571837858067925,
            83.76623590257431,
            -257.5916089983857,
            4.367447573171912e-07,
            -2.7369234185587974e-06,
            -4.730167710402114e-06,
            2.8842508270135926e-05,
            -2.0821243298652705e-14,
            1.5905710044787947e-13,
            -2.3223317785019263e-14,
            -8.79393436993475e-13,
            2.736711467784312e-22,
            -2.2978260270666914e-21,
            2.128662497934573e-21,
            7.893229306923319e-21,
            -123.01517704221722,
            2419.709193712711,
            -13327.319679028973,
            21608.99314080785,
            1.833223792165989e-05,
            -0.0003273754532115156,
            0.0017217079066581308,
            -0.0027156984542161494,
            -7.455423822181223e-13,
            1.2668211681114166e-11,
            -6.469996895923589e-11,
            1.0030730203698708e-10,
            8.948000653520467e-21,
            -1.4731620613769308e-19,
            7.371106189740464e-19,
            -1.1286612980522886e-18
        ],
        "Cm": [
            -7.903937951251065e-05,
            0.0014460317642073688,
            -0.010281302478635611,
            0.020360692631282457,
            1.3704557421547707e-11,
            -3.0065192025842876e-10,
            2.229795990413727e-09,
            -4.515257148259905e-09,
            -6.277183675265822e-19,
            1.5193970273584188e-17,
            -1.1564166808407157e-16,
            2.35678837346418e-16,
            7.858644773189412e-27,
            -1.956079945787102e-25,
            1.5003388052485576e-24,
            -3.049494201399238e-24,
            0.013055510953528108,
            0.012106582256123318,
            -0.0876749676996334,
            0.4677262861729486,
            -1.8812060527991113e-09,
            -7.1540089985152376e-09,
            7.103725724160054e-08,
            -1.6113888624136485e-07,
            4.7271435628973156e-17,
            3.899517914594905e-16,
            -3.614627196587361e-15,
            7.918713151886421e-15,
            -3.9583610328398176e-25,
            -5.291404375722853e-24,
            4.715482444023264e-23,
            -1.0173488674659487e-22,
            0.0044156189931045375,
            -0.11842244535663285,
            0.7427264515861133,
            -1.2608120133755503,
            -1.0046447347372284e-09,
            2.9392777925074502e-08,
            -2.053167612738419e-07,
            3.716161563685199e-07,
            4.398932511045993e-17,
            -1.3526818811212322e-15,
            9.653577491744364e-15,
            -1.753898690552303e-14,
            -5.278717171240198e-25,
            1.6067318099368975e-23,
            -1.1435976231595623e-22,
            2.0341361137700014e-22,
            0.41847246137002,
            -1.8549454744534966,
            26.282102364459956,
            -7.85942800724391,
            -4.321335149585188e-09,
            9.051127460740042e-07,
            -7.943412867224158e-06,
            1.611236625398485e-05,
            4.255666090377378e-16,
            -4.497759144273853e-14,
            3.8555084683800406e-13,
            -7.795161517093025e-13,
            -7.934501389669815e-24,
            5.948926122435816e-22,
            -5.017123374086668e-21,
            1.0110058850764736e-20
        ]
    }
}