{
    "tag": "Polynomial fit to database for my_airfoil airfoil.",
    "degrees_of_freedom": [
        "alpha",
        "Rey",
        "Mach"
    ],
    "defaults": {
        "alpha": 0.0,
        "Rey": 0.2605263157894737,
        "Mach": 0.012399999999999967,
        "trailing_flap_deflection": 0.0,
        "trailing_flap_fraction": 0.0
    },
    "fit_degrees": {
        "CL": [
            1,
            3,
            3
        ],
        "CD": [
            4,
            3,
            3
        ],
        "Cm": [
            3,
            3,
            3
        ]
    },
    "fit_error": {
        "CL": {
            "R^2": 0.99904234580645,
            "RMS": 0.026653346689319367,
            "RMSN": 0.03580692832073685
        },
        "CD": {
            "R^2": 0.958722116209151,
            "RMS": 0.0008376695052667403,
            "RMSN": 0.11609624183344229
        },
        "Cm": {
            "R^2": 0.9567228978169764,
            "RMS": 0.001421348128020502,
            "RMSN": 0.4210680853805973
        }
    },
    "fit_coefs": {
        "CL": [
            -0.010736828089042525,
            0.5495119979409266,
            -3.730592787216855,
            6.096048479560211,
            1.186697313715352e-09,
            -6.944514869840345e-08,
            4.826095511413645e-07,
            -7.955437561132532e-07,
            -3.9996202948121247e-17,
            2.5109202850155162e-15,
            -1.7458666251351402e-14,
            2.8419197516572475e-14,
            3.9383375467551112e-25,
            -2.6936457350232995e-23,
            1.861278484766755e-22,
            -2.9705124963111704e-22,
            6.485215597804432,
            -4.967582256437998,
            47.32509615666813,
            -85.7009660831793,
            2.1406178572637183e-10,
            6.345769929476551e-07,
            -5.401169352595258e-06,
            1.1374908894543156e-05,
            1.742258384308669e-16,
            -2.3945452440019156e-14,
            2.0293791586952356e-13,
            -4.2594062956600246e-13,
            -2.9996800348166658e-24,
            2.769031777752591e-22,
            -2.332808697026029e-21,
            4.889136795729071e-21
        ],
        "CD": [
            0.0057688253057819085,
            0.0010812643878199868,
            -0.03411604337456856,
            0.11723641716604585,
            -1.6559356830106314e-11,
            -1.8709046949222e-10,
            4.686798602782763e-09,
            -1.5103910854676713e-08,
            3.002099929651175e-20,
            8.841841189385893e-18,
            -1.913042750460666e-16,
            5.939877011175854e-16,
            3.6043372880116647e-28,
            -1.1280388474416494e-25,
            2.2993617341441698e-24,
            -7.016012184735955e-24,
            -0.001674557912920307,
            0.04409132333915154,
            -0.13618173027200056,
            -0.04066541719030021,
            2.1031150496538743e-10,
            -5.459689538255892e-09,
            1.6720537411436536e-08,
            5.358260983506109e-09,
            -8.324433319354715e-18,
            2.1913540054767446e-16,
            -7.477924568555309e-16,
            5.4741468198090586e-17,
            1.0007974297854723e-25,
            -2.7071431596083644e-24,
            1.0190036825640372e-23,
            -4.049397222771953e-24,
            0.17748699729123807,
            -1.9495347025845324,
            23.149889197648946,
            -58.06065334022546,
            -1.783705454515653e-08,
            2.3758486337751012e-07,
            -2.7896982131973074e-06,
            6.982465000861741e-06,
            6.393222619663338e-16,
            -8.875285034463878e-15,
            1.0363063703812557e-13,
            -2.588211286294607e-13,
            -6.842704348893393e-24,
            1.0106997691584426e-22,
            -1.1795186858899387e-21,
            2.9465772933770652e-21,
            -0.2201736211802854,
            12.311231073323446,
            -93.69996927126179,
            171.72122491905523,
            2.608489419291485e-08,
            -1.4526698002707471e-06,
            1.1023415174143099e-05,
            -2.0119736452957135e-05,
            -9.138126026933803e-16,
            5.100237046296691e-14,
            -3.8559063841078264e-13,
            6.998763110327502e-13,
            9.886350287051204e-24,
            -5.526556188862372e-22,
            4.163357378830312e-21,
            -7.515096557415357e-21,
            -1.535515905369894,
            151.98827848895164,
            -1419.594579652583,
            3190.6561709521284,
            3.986643241505735e-07,
            -1.8315044191343567e-05,
            0.00017114302136364654,
            -0.0003804364221843568,
            -1.6034189176864573e-14,
            6.77548077706028e-13,
            -6.331573883442035e-12,
            1.4055034006796908e-11,
            1.8220228867940447e-22,
            -7.69873426662185e-21,
            7.203185067984068e-20,
            -1.599627742066931e-19
        ],
        "Cm": [
            0.0004736270160590816,
            -0.018670200089480657,
            0.11177178902323928,
            -0.1630086855603205,
            -5.824072015420667e-11,
            2.32391911622781e-09,
            -1.39728736262411e-08,
            2.0536892949163888e-08,
            2.062256445023517e-18,
            -8.149953856239443e-17,
            4.805783172708594e-16,
            -6.888628484208464e-16,
            -2.2267214008992528e-26,
            8.68842437247723e-25,
            -4.9853697630536e-24,
            6.873818071529024e-24,
            -0.000998941000610777,
            0.6085684241298854,
            -4.985909509728433,
            10.0290117271946,
            -6.756459510873186e-10,
            -7.717343390382237e-08,
            6.498176673951549e-07,
            -1.2972223508144872e-06,
            4.293534984210582e-18,
            2.9485359928831173e-15,
            -2.4863384391123643e-14,
            4.971127540772226e-14,
            8.276239911624583e-26,
            -3.4501281724928263e-23,
            2.9046241031979826e-22,
            -5.801587300335433e-22,
            0.010097815814014128,
            -0.8291248943644008,
            6.92650633791483,
            -13.50286688380268,
            -1.1976870773059826e-09,
            1.0252871868989318e-07,
            -8.628583769934439e-07,
            1.6843121227758352e-06,
            4.4829520181281135e-17,
            -3.973035527315307e-15,
            3.3582790078947675e-14,
            -6.573176231189384e-14,
            -5.416464214217746e-25,
            4.795299502921577e-23,
            -4.0703474702193967e-22,
            7.99899573480069e-22,
            1.124395938285632,
            -39.37789914295336,
            320.30672097199755,
            -561.3985854484862,
            -8.025734331589618e-08,
            5.167451416682887e-06,
            -4.1500590385474706e-05,
            7.955588049225168e-05,
            3.038600150741311e-15,
            -1.9611841656573642e-13,
            1.5832684769323061e-12,
            -3.05321910527741e-12,
            -3.594410135622602e-23,
            2.2696277733195938e-21,
            -1.8367428812983378e-20,
            3.5511797281823565e-20
        ]
    }
}