{
    "tag": "Polynomial fit to database for my_airfoil airfoil.",
    "degrees_of_freedom": [
        "alpha",
        "Rey",
        "Mach"
    ],
    "defaults": {
        "alpha": 0.0,
        "Rey": 0.2131578947368421,
        "Mach": 0.0005999999999999339,
        "trailing_flap_deflection": 0.0,
        "trailing_flap_fraction": 0.0
    },
    "fit_degrees": {
        "CL": [
            1,
            3,
            3
        ],
        "CD": [
            4,
            3,
            3
        ],
        "Cm": [
            3,
            3,
            3
        ]
    },
    "fit_error": {
        "CL": {
            "R^2": 0.9999018467128089,
            "RMS": 0.008483481329067377,
            "RMSN": 0.011475412297431384
        },
        "CD": {
            "R^2": 0.9861297490198524,
            "RMS": 0.00023874260997359067,
            "RMSN": 0.03447328138250317
        },
        "Cm": {
            "R^2": 0.9982020732761732,
            "RMS": 0.00023238621458794242,
            "RMSN": 0.08567221721087713
        }
    },
    "fit_coefs": {
        "CL": [
            0.0020106104300258144,
            0.006889138275480327,
            -0.3356354687603497,
            0.8887309908576596,
            -4.0835964120407266e-10,
            9.590581575482301e-10,
            4.529121653499604e-08,
            -1.3139436273387777e-07,
            1.669561795385405e-17,
            -1.4185146220086982e-16,
            -1.1094614030237644e-15,
            3.95627424037944e-15,
            -2.0039568197341766e-25,
            2.470403583322347e-24,
            8.019202950245506e-24,
            -3.8056595250027395e-23,
            6.385560895957395,
            -0.2893039453921618,
            9.568322866520807,
            -11.13815336453904,
            1.627248982157944e-08,
            1.7072533569411037e-08,
            -6.394793582164801e-07,
            2.098034993435424e-06,
            -5.603564537537187e-16,
            8.726165356988961e-16,
            1.8878123416171586e-14,
            -7.209299814929645e-14,
            6.893347549116467e-24,
            -2.733870262634507e-23,
            -1.5699401902778913e-22,
            7.62574648173993e-22
        ],
        "CD": [
            0.005753972714293364,
            0.025686715903055584,
            -0.2144839723881765,
            0.403328709307104,
            7.395963434553461e-11,
            -8.351857250769401e-09,
            6.17860849610972e-08,
            -1.0873055785756189e-07,
            -5.89040316800762e-18,
            4.5428046743244e-16,
            -3.29128328612677e-15,
            5.7393511188747415e-15,
            8.955795736949456e-26,
            -6.37456069238435e-24,
            4.5844821472960114e-23,
            -7.977387728548802e-23,
            -0.0021249372021327566,
            0.07503061228521472,
            -0.4883461668180899,
            0.8134410647465362,
            2.7028871216731877e-10,
            -7.782196000464127e-09,
            4.307478505468169e-08,
            -5.9277818058976785e-08,
            -1.0056406576371663e-17,
            2.4037616399026694e-16,
            -1.0791795385859698e-15,
            9.77055653705208e-16,
            1.1305337099261376e-25,
            -2.3156654042957035e-24,
            7.943577777642225e-24,
            -9.835440169422199e-25,
            -0.013343570724584197,
            0.5062584776183455,
            11.216991563959269,
            -34.3592197262404,
            4.717824454782477e-09,
            3.293729824982825e-07,
            -4.368786722044557e-06,
            9.383747656048622e-06,
            -1.2107450341383056e-16,
            -2.4060658206317213e-14,
            2.5255526440133197e-13,
            -5.073288447030876e-13,
            9.497176973388271e-25,
            3.766337484758322e-22,
            -3.6589187477101516e-21,
            7.167179095674261e-21,
            0.06455057355545991,
            -2.0557436702829057,
            12.5844692908751,
            -19.82791367008751,
            -8.039385865888584e-09,
            1.7591214466209232e-07,
            -7.07304284944946e-07,
            4.943808735469617e-07,
            3.024779549111234e-16,
            -4.0895354253941116e-15,
            1.862924923063906e-17,
            4.2742291768517546e-14,
            -3.5465983962747084e-24,
            2.688649625985761e-23,
            2.1726216787899734e-22,
            -9.991166940230084e-22,
            5.708528825047068,
            -33.979175142527765,
            -200.29397367647894,
            920.9476047990729,
            -5.725706269446073e-07,
            -5.701697755671396e-07,
            6.660274149100221e-05,
            -0.00018239293773292934,
            2.0992999127352395e-14,
            1.8588434364342224e-13,
            -3.852085368828943e-12,
            9.19994687463671e-12,
            -2.415388698576288e-22,
            -3.6223878386191695e-21,
            5.628416190168328e-20,
            -1.269692597581041e-19
        ],
        "Cm": [
            7.154375247222231e-05,
            -0.0013042870704046833,
            0.003972226327276644,
            -0.0009211072169503869,
            -1.5247858833342934e-11,
            5.462863048355164e-10,
            -3.2928911851469648e-09,
            5.313616190323533e-09,
            7.484531117825878e-19,
            -2.942403732157096e-17,
            1.886428040218606e-16,
            -3.208939141127136e-16,
            -9.982189624347509e-27,
            4.1156447849438705e-25,
            -2.724051697017124e-24,
            4.7606443569871624e-24,
            0.005017397779626194,
            0.019979615633099586,
            -0.019749773010292387,
            -0.0038782088839710957,
            -1.8695712091541996e-09,
            -3.841665195573296e-09,
            3.3272691163535e-08,
            -5.790470616809572e-08,
            4.934216627116919e-17,
            1.7376295272288875e-16,
            -1.7077339912899573e-15,
            3.3982204088125807e-15,
            -4.405511597314787e-25,
            -2.1590996869425903e-24,
            2.2535640154714268e-23,
            -4.7309294783845833e-23,
            -0.0023420879256690415,
            0.037266403901463595,
            -0.049229822875540605,
            -0.19355272247479907,
            5.333927561482974e-10,
            -1.9390064989818467e-08,
            1.125447318965044e-07,
            -1.6984971714786774e-07,
            -2.885688180008895e-17,
            1.2057306606710793e-15,
            -7.867635302037784e-15,
            1.3402339558489092e-14,
            4.152999772905658e-25,
            -1.8267335556055197e-23,
            1.2470083642350542e-22,
            -2.2150990027418593e-22,
            0.43939804894306994,
            1.7439106963376352,
            -7.991014051905324,
            74.28225816419895,
            6.769827243648926e-09,
            6.24584678646917e-08,
            -8.683302275381872e-07,
            1.134363859470342e-06,
            -2.1077888152660638e-16,
            -5.266735437728166e-15,
            7.218397036252725e-14,
            -1.455904245394858e-13,
            1.3772368647157194e-24,
            7.332102956018264e-23,
            -1.069480257323849e-21,
            2.3331442165220392e-21
        ]
    }
}