{
    "tag": "Polynomial fit to database for my_airfoil airfoil.",
    "degrees_of_freedom": [
        "alpha",
        "Rey",
        "Mach"
    ],
    "defaults": {
        "alpha": 0.0,
        "Rey": 0.2368421052631579,
        "Mach": 0.00045000000000006146,
        "trailing_flap_deflection": 0.0,
        "trailing_flap_fraction": 0.0
    },
    "fit_degrees": {
        "CL": [
            1,
            3,
            3
        ],
        "CD": [
            4,
            3,
            3
        ],
        "Cm": [
            3,
            3,
            3
        ]
    },
    "fit_error": {
        "CL": {
            "R^2": 0.9992352822530608,
            "RMS": 0.02365249556301403,
            "RMSN": 0.03195203723473696
        },
        "CD": {
            "R^2": 0.9747139106856911,
            "RMS": 0.0007324236681365987,
            "RMSN": 0.10034484046673064
        },
        "Cm": {
            "R^2": 0.9250831103607711,
            "RMS": 0.0015837726490310294,
            "RMSN": 0.5672741258460562
        }
    },
    "fit_coefs": {
        "CL": [
            0.0030760856066237847,
            -0.2592974340421886,
            2.0297292997457888,
            -3.637071661946124,
            -5.172936504802673e-10,
            3.5662602195507895e-08,
            -2.771543834191022e-07,
            4.971622291488509e-07,
            1.8176204528499664e-17,
            -1.3760656574032043e-15,
            1.0960581133826413e-14,
            -2.01902797925854e-14,
            -1.7017631699280875e-25,
            1.5588624048930868e-23,
            -1.2807575358202883e-22,
            2.4150804719953066e-22,
            6.4246759986250135,
            -3.389492504412041,
            36.229768241837284,
            -66.85534004788089,
            9.7141194790259e-09,
            3.739589914497307e-07,
            -3.512343031921138e-06,
            7.934404300867186e-06,
            -2.381045787073331e-16,
            -1.1655626827820695e-14,
            1.081391601967713e-13,
            -2.4264032221344894e-13,
            2.1936461056162125e-24,
            1.0922960204070546e-22,
            -9.891578248277955e-22,
            2.2104930221500014e-21
        ],
        "CD": [
            0.005412174815046057,
            0.00467079984809167,
            -0.04613419296545778,
            0.12715913746564955,
            2.184589044386293e-11,
            -7.430618970484133e-10,
            6.4141994855717064e-09,
            -1.606310802765326e-08,
            -1.3964660478184066e-18,
            3.13864600122451e-17,
            -2.5185899296690167e-16,
            5.990693635503216e-16,
            1.7138852596623358e-26,
            -3.833182710877577e-25,
            2.9391491273618386e-24,
            -6.776688610054052e-24,
            0.0009128687390454693,
            -0.06314518903506468,
            0.5416854461227548,
            -1.1068608881649973,
            -1.4120054327763162e-10,
            1.0176817457993994e-08,
            -8.84819252373682e-08,
            1.8301864962942063e-07,
            5.386682445060331e-18,
            -4.244029753031189e-16,
            3.7435595971882415e-15,
            -7.811930134685468e-15,
            -6.073231568241101e-26,
            5.174235826729779e-24,
            -4.6152022850897125e-23,
            9.686005695774651e-23,
            0.22771033474278624,
            -2.6183975944485787,
            25.846461416009284,
            -61.919135023037846,
            -2.2595441408774292e-08,
            2.899045293729456e-07,
            -2.7507135567390267e-06,
            6.520039803208301e-06,
            8.076748447373555e-16,
            -9.990483330035582e-15,
            9.123978390400991e-14,
            -2.135913672719876e-13,
            -8.796974505752166e-24,
            1.0746767913944457e-22,
            -9.490717281206685e-22,
            2.1997477116801126e-21,
            -0.10439652303394105,
            5.828109438750289,
            -44.257470167807945,
            81.60207835992733,
            1.3859513692625958e-08,
            -8.060470130432113e-07,
            6.2896499968416555e-06,
            -1.1913928977262196e-05,
            -5.209055256801744e-16,
            3.141302967244369e-14,
            -2.491797231848789e-13,
            4.792060225606186e-13,
            5.932928011626809e-24,
            -3.678457641360671e-22,
            2.9513206098210402e-21,
            -5.7326685757501056e-21,
            -3.1137444233330283,
            206.85615262228083,
            -1805.1860543844316,
            3941.865303787554,
            5.609365924076168e-07,
            -2.2953586110619228e-05,
            0.00019700053950989018,
            -0.00042176202717211786,
            -2.143749807472973e-14,
            7.881843559610994e-13,
            -6.647602203006383e-12,
            1.406573844508834e-11,
            2.4061291552136456e-22,
            -8.47375009655059e-21,
            7.043470123327959e-20,
            -1.4773135818213623e-19
        ],
        "Cm": [
            -0.0003023179790438465,
            0.018004448712388637,
            -0.13159023582410237,
            0.22913499844503848,
            3.486043698010666e-11,
            -2.001660994537541e-09,
            1.449579856632559e-08,
            -2.4586984445933394e-08,
            -1.2036523618912543e-18,
            6.887677253187816e-17,
            -4.937590542955627e-16,
            8.212659070743768e-16,
            1.2780596257949985e-26,
            -7.27869376072279e-25,
            5.154586671055254e-24,
            -8.393945530311122e-24,
            -0.012101522535110154,
            0.8568737570116781,
            -6.845922643128373,
            13.370843155248707,
            -1.3222638268546163e-10,
            -1.0901644175116363e-07,
            8.956563903660445e-07,
            -1.7628439499604885e-06,
            -1.7086347455765567e-17,
            4.026275605826971e-15,
            -3.3352472786345424e-14,
            6.612340668099254e-14,
            3.2636972722564403e-25,
            -4.539009209074436e-23,
            3.7787086493565103e-22,
            -7.525053373378718e-22,
            0.037331428241170445,
            -1.9339716161425153,
            13.862656778347235,
            -23.939522618735655,
            -4.2048379551102175e-09,
            2.1203662402854127e-07,
            -1.4699260172486596e-06,
            2.4166658940348218e-06,
            1.4499922262169827e-16,
            -7.154915567540456e-15,
            4.81427974172461e-14,
            -7.55246340126327e-14,
            -1.5570614700532613e-24,
            7.585442643069617e-23,
            -4.983775700196465e-22,
            7.5056563789663e-22,
            1.3907113092010073,
            -52.6262862184818,
            425.1217450275147,
            -760.3802091004429,
            -1.1709499278826313e-07,
            7.061893122451902e-06,
            -5.6956797404695674e-05,
            0.00011044524214439032,
            4.572139692796694e-15,
            -2.6736250935382906e-13,
            2.174234523588301e-12,
            -4.258699032414728e-12,
            -5.463979172942815e-23,
            3.061475120052523e-21,
            -2.5017747759272194e-20,
            4.928606320329957e-20
        ]
    }
}