{
    "tag": "Polynomial fit to database for my_airfoil airfoil.",
    "degrees_of_freedom": [
        "alpha",
        "Rey",
        "Mach"
    ],
    "defaults": {
        "alpha": 0.0,
        "Rey": 0.2605263157894737,
        "Mach": 0.00045000000000006146,
        "trailing_flap_deflection": 0.0,
        "trailing_flap_fraction": 0.0
    },
    "fit_degrees": {
        "CL": [
            1,
            3,
            3
        ],
        "CD": [
            4,
            3,
            3
        ],
        "Cm": [
            3,
            3,
            3
        ]
    },
    "fit_error": {
        "CL": {
            "R^2": 0.9986325086056851,
            "RMS": 0.03134255867984134,
            "RMSN": 0.04273391851144751
        },
        "CD": {
            "R^2": 0.9790224195606617,
            "RMS": 0.0009046773394168046,
            "RMSN": 0.12003184550268087
        },
        "Cm": {
            "R^2": 0.8397356987160085,
            "RMS": 0.002068174369597828,
            "RMSN": 0.8108966199154788
        }
    },
    "fit_coefs": {
        "CL": [
            -0.008606354387519095,
            0.3957304776882853,
            -2.5772620892132956,
            3.9695050874038653,
            7.500549713055958e-10,
            -3.963691337420916e-08,
            2.520150319091573e-07,
            -3.566366851615582e-07,
            -1.8914290654212086e-17,
            1.1860882262748284e-15,
            -7.418060686101857e-15,
            9.58240960719852e-15,
            1.2879853667279374e-25,
            -1.1469217502308737e-23,
            7.266225900778011e-23,
            -8.983321571045089e-23,
            6.433453444992859,
            -4.246907799425636,
            45.28736145061667,
            -89.65833992144744,
            5.969662176412006e-09,
            5.626279054482147e-07,
            -5.209502480186132e-06,
            1.1797731647626782e-05,
            -9.790702901778213e-17,
            -2.125358203073503e-14,
            1.9401986428036658e-13,
            -4.3258485332388245e-13,
            8.77655332242934e-25,
            2.4241456857363366e-22,
            -2.196958949335701e-21,
            4.8565079949955326e-21
        ],
        "CD": [
            0.0056037878396846446,
            -0.09500445985307775,
            0.6743074196770914,
            -1.140706446885324,
            -4.234788013895107e-11,
            1.8676438980451617e-08,
            -1.4174630601987113e-07,
            2.600198803713122e-07,
            1.6949389424250242e-18,
            -8.47665025301388e-16,
            6.554752372067199e-15,
            -1.2259964995231329e-14,
            -2.2084140065456186e-26,
            1.0754425407556863e-23,
            -8.379848610854529e-23,
            1.5787771599559978e-22,
            -0.006421965623467479,
            0.3904812244671321,
            -3.3323112720240258,
            7.22760328013818,
            1.1065113994517935e-09,
            -7.617228995777895e-08,
            7.089890189081605e-07,
            -1.650611065613284e-06,
            -4.822832756151655e-17,
            3.4601772107185413e-15,
            -3.299392659110203e-14,
            7.81435532268946e-14,
            5.997867270690939e-25,
            -4.392667541087902e-23,
            4.2305530213923627e-22,
            -1.0083955623674119e-21,
            0.15526364200584833,
            7.54786172818451,
            -29.479180848193778,
            0.7558210916316541,
            -1.8919301219754855e-08,
            -1.0109462285516163e-06,
            3.6156011620264274e-06,
            1.6009634643309212e-06,
            8.221978952054749e-16,
            3.8545231030523797e-14,
            -1.2858217245093476e-13,
            -1.0531590704617865e-13,
            -1.0174272826255397e-23,
            -4.4362466952098365e-22,
            1.4096131319924971e-21,
            1.541641835614492e-21,
            0.17279498772532909,
            -10.67549592254309,
            91.56760966445032,
            -199.2761662138703,
            -2.997936579253961e-08,
            2.0948713449290616e-06,
            -1.959628556853778e-05,
            4.578269734562117e-05,
            1.3088253363482042e-15,
            -9.506835521757121e-14,
            9.110831395320996e-13,
            -2.1657576617036724e-12,
            -1.627720378326285e-23,
            1.2038947214970948e-21,
            -1.1656094047621635e-20,
            2.789404125871459e-20,
            -1.4524993576351384,
            41.5034798054854,
            -1176.183844840002,
            3943.325944065521,
            5.735872767611602e-07,
            -9.291400779480932e-06,
            0.00020095060436945051,
            -0.0006434052874093553,
            -2.7380161541497275e-14,
            4.530247469331601e-13,
            -8.775043272229128e-12,
            2.7512388917232996e-11,
            3.498917051652231e-22,
            -5.968033762534441e-21,
            1.0935202606401018e-19,
            -3.387170531579836e-19
        ],
        "Cm": [
            -0.0001001471400539138,
            -0.025395419004610932,
            0.202565621962502,
            -0.3420961499191034,
            8.763253145450004e-11,
            1.8253268674759478e-09,
            -1.857623059887378e-08,
            3.273057469521027e-08,
            -5.086378316813769e-18,
            -3.2147619796776285e-17,
            5.024589746884526e-16,
            -9.24574385893129e-16,
            7.216707223752588e-26,
            8.5328757353328e-26,
            -4.238795316548099e-24,
            8.241076264946759e-24,
            -0.009494186665189464,
            0.6101094767897636,
            -5.486998294623413,
            11.508093737120845,
            -9.467757259212277e-10,
            -7.252534161013321e-08,
            6.53787212132156e-07,
            -1.345773281326071e-06,
            1.12079617328547e-17,
            2.555676099508756e-15,
            -2.2824563707925486e-14,
            4.643124633007621e-14,
            1.2570569592839978e-26,
            -2.767813482381164e-23,
            2.45141563989063e-22,
            -4.934572379291028e-22,
            -0.007746875167949678,
            1.7007948058218,
            -13.513639411570596,
            25.25971403944354,
            4.812784745111857e-10,
            -2.853691593722617e-07,
            2.4594046480616962e-06,
            -4.9347690086348774e-06,
            -4.346969034298384e-18,
            1.2258928397945445e-14,
            -1.0891430053387652e-13,
            2.2369925257769627e-13,
            -5.72315428088986e-26,
            -1.5204033269642982e-22,
            1.371759079470681e-21,
            -2.8488484835904266e-21,
            1.3956308527188894,
            -55.47338081658838,
            457.49487311069277,
            -828.0901992831907,
            -1.1094495657442837e-07,
            6.82990840823816e-06,
            -5.515875386254698e-05,
            0.00010555543022110828,
            4.231438366538478e-15,
            -2.4653603714640297e-13,
            1.984264263990726e-12,
            -3.787627909014274e-12,
            -4.9974527954141564e-23,
            2.735994377687244e-21,
            -2.1946800798821222e-20,
            4.177295263204995e-20
        ]
    }
}