{
    "tag": "Polynomial fit to database for my_airfoil airfoil.",
    "degrees_of_freedom": [
        "alpha",
        "Rey",
        "Mach"
    ],
    "defaults": {
        "alpha": 0.0,
        "Rey": 0.18947368421052632,
        "Mach": 0.009500000000000064,
        "trailing_flap_deflection": 0.0,
        "trailing_flap_fraction": 0.0
    },
    "fit_degrees": {
        "CL": [
            1,
            3,
            3
        ],
        "CD": [
            4,
            3,
            3
        ],
        "Cm": [
            3,
            3,
            3
        ]
    },
    "fit_error": {
        "CL": {
            "R^2": 0.9999192649973102,
            "RMS": 0.007619742075782977,
            "RMSN": 0.010377575185085027
        },
        "CD": {
            "R^2": 0.9957439471829735,
            "RMS": 0.00013674904443189027,
            "RMSN": 0.01957302228983337
        },
        "Cm": {
            "R^2": 0.9924265645182776,
            "RMS": 0.00031892983705426083,
            "RMSN": 0.14291263421858597
        }
    },
    "fit_coefs": {
        "CL": [
            0.0015818815088148477,
            0.02363090947667999,
            -0.4015541184863691,
            0.9151747473234126,
            -3.717527708577811e-10,
            1.9504178236075234e-09,
            2.292868929172826e-08,
            -6.460373906188794e-08,
            1.7131152976359506e-17,
            -2.763317133701099e-16,
            7.412828835146938e-16,
            -1.1092123463073704e-15,
            -2.129010558740157e-25,
            5.2125584495023956e-24,
            -2.7325387286207496e-23,
            5.621134000603911e-23,
            6.37826553860808,
            -0.00010643882858417538,
            5.747509390727551,
            -4.247196246557769,
            1.255679659871295e-08,
            2.966663934902122e-08,
            -4.019985372684936e-07,
            1.6749020268812844e-06,
            -3.2277416739213723e-16,
            -1.8479181780597763e-15,
            2.3837666446417686e-14,
            -8.379155666551325e-14,
            3.1250969301313373e-24,
            2.5167493135202914e-23,
            -3.290653736259502e-22,
            1.105564636572739e-21
        ],
        "CD": [
            0.005299281446922187,
            -0.0026466867072783666,
            0.021173250472474224,
            -0.024206559629665805,
            1.1955429511215978e-11,
            3.6262501073503783e-10,
            -3.048174503257401e-09,
            4.432175631524357e-09,
            -6.0902079593152845e-19,
            -1.412257322395512e-17,
            1.1987702314002766e-16,
            -1.8472472611613315e-16,
            5.526008129310407e-27,
            1.6376822646600475e-25,
            -1.3799059885735989e-24,
            2.155736561856058e-24,
            -0.0005609812971698333,
            0.046871310005588376,
            -0.4449391496788857,
            1.0057552504831553,
            6.827179970006557e-11,
            -5.600034303590999e-09,
            5.4043720252627644e-08,
            -1.2409311456534742e-07,
            -2.5644901137427643e-18,
            2.1727851154055e-16,
            -2.1407973427983812e-15,
            5.004292969480739e-15,
            2.9606738669782206e-26,
            -2.5898248877334045e-24,
            2.5899489980323742e-23,
            -6.13407999525511e-23,
            0.22311978357013504,
            -0.06761009228229194,
            2.6127778475108983,
            -11.970634480674796,
            -1.9128308545330955e-08,
            -7.976498887599006e-09,
            -1.161032094188827e-07,
            9.135407594356124e-07,
            6.256243765739599e-16,
            7.117319783778049e-16,
            -2.5731982140799266e-17,
            -2.2896172663596584e-14,
            -6.3310656127143925e-24,
            -1.0948890274078407e-23,
            2.507162214166364e-23,
            2.0026497421623458e-22,
            0.01970216265081471,
            -1.5559721887488465,
            14.675813687226544,
            -32.8468478771106,
            -2.308084652246228e-09,
            1.8665894210817644e-07,
            -1.7849516600206918e-06,
            4.040641846577297e-06,
            8.582107545391392e-17,
            -7.241814687271306e-15,
            7.060389230169503e-14,
            -1.621477729304817e-13,
            -9.937007114432178e-25,
            8.701242741704372e-23,
            -8.611155129476247e-22,
            2.0012561576065773e-21,
            -0.3512052978599407,
            19.006809949084793,
            -244.44111301578704,
            856.4126198211019,
            2.0242987979875808e-07,
            -1.9174200925393886e-06,
            2.5918817686522006e-05,
            -8.895321633253531e-05,
            -7.785635289717112e-15,
            6.744470365086429e-14,
            -9.3451869547814e-13,
            3.2144910218130675e-12,
            8.236439343688972e-23,
            -7.719969080598678e-22,
            1.0916930852516188e-20,
            -3.7315219050394866e-20
        ],
        "Cm": [
            -3.759686970691989e-05,
            0.0027025047321358893,
            -0.024865864542080486,
            0.05841060924189879,
            7.444079559753254e-12,
            -3.412977576936809e-10,
            3.3551944286780305e-09,
            -8.415276396263916e-09,
            -2.502575238227171e-19,
            1.4360728045369276e-17,
            -1.5178811907005585e-16,
            3.9690293995419934e-16,
            2.374956290605452e-27,
            -1.824678049437902e-25,
            2.018265106633984e-24,
            -5.394636338928868e-24,
            -0.0056571627812167305,
            0.02370394360172656,
            -0.07553070303868821,
            -0.015949862044814734,
            -2.1950149082562863e-09,
            -4.760511991116979e-09,
            3.688352336696707e-08,
            -6.526719885359899e-08,
            5.581476824155423e-17,
            2.23055565664061e-16,
            -1.8535588409462855e-15,
            3.672370081224923e-15,
            -4.753673885389396e-25,
            -2.8056316695484347e-24,
            2.3729175527824602e-23,
            -4.859103590483111e-23,
            0.0026666401970625152,
            -0.16874335681776156,
            1.6167092278805144,
            -3.7923906643464793,
            -3.1660724927140506e-10,
            2.4775956262360368e-08,
            -2.4786496625376854e-07,
            6.071250726223201e-07,
            9.897046089165908e-18,
            -1.0487046249925912e-15,
            1.0976155389370701e-14,
            -2.7579997101943083e-14,
            -9.149068344692027e-26,
            1.3435316982952378e-23,
            -1.4457336446977293e-22,
            3.6838184878888097e-22,
            0.4470219348930778,
            0.7546670943775505,
            -1.4630579766547664,
            74.11931398914717,
            8.711467590744069e-09,
            7.942759994921231e-08,
            -3.140476651225001e-07,
            -1.2146824416054305e-06,
            -1.3907781038309596e-16,
            -4.180571087882467e-15,
            2.2277164146074216e-14,
            1.6392295016810468e-14,
            -1.0277122996792048e-24,
            5.0660306326021135e-23,
            -2.5813394999417646e-22,
            -1.7449182924803125e-22
        ]
    }
}