{
    "tag": "Polynomial fit to database for my_airfoil airfoil.",
    "degrees_of_freedom": [
        "alpha",
        "Rey",
        "Mach"
    ],
    "defaults": {
        "alpha": 0.0,
        "Rey": 0.2368421052631579,
        "Mach": 0.00019999999999997797,
        "trailing_flap_deflection": 0.0,
        "trailing_flap_fraction": 0.0
    },
    "fit_degrees": {
        "CL": [
            1,
            3,
            3
        ],
        "CD": [
            4,
            3,
            3
        ],
        "Cm": [
            3,
            3,
            3
        ]
    },
    "fit_error": {
        "CL": {
            "R^2": 0.9987149316702043,
            "RMS": 0.029957601376517592,
            "RMSN": 0.04143849887098027
        },
        "CD": {
            "R^2": 0.9841455293505889,
            "RMS": 0.0007721257203788254,
            "RMSN": 0.10062713853165113
        },
        "Cm": {
            "R^2": 0.8474398028510006,
            "RMS": 0.0017354036747097622,
            "RMSN": 0.6181844645194309
        }
    },
    "fit_coefs": {
        "CL": [
            -0.012300570426783777,
            0.6167570262207357,
            -4.382699311605744,
            7.651742382512577,
            1.5000303215278851e-09,
            -7.516226369761402e-08,
            5.256968700875607e-07,
            -9.179179037500186e-07,
            -6.00550809905088e-17,
            2.7113141042275284e-15,
            -1.8840293339862782e-14,
            3.325526016593291e-14,
            7.347063690075053e-25,
            -3.0704918859457593e-23,
            2.1587764284131573e-22,
            -3.9288321069049617e-22,
            6.36838767494089,
            -1.8451204714321499,
            32.30986879382503,
            -82.54161696977692,
            1.1932766971077726e-08,
            2.957861343777703e-07,
            -3.937491013498323e-06,
            1.1950276411444806e-05,
            -2.4670724881280572e-16,
            -1.2985547479045985e-14,
            1.633540466597023e-13,
            -4.88485776085834e-13,
            1.734867280816317e-24,
            1.6513040468656947e-22,
            -2.035816078689797e-21,
            6.124009019950476e-21
        ],
        "CD": [
            0.00559479799594668,
            -0.021823412935679125,
            0.1285353820412939,
            -0.1300065903301252,
            -3.15787392347077e-11,
            2.5763656054063045e-09,
            -1.4856177082322938e-08,
            1.431620620987601e-08,
            1.1237367441747029e-18,
            -9.130110238313217e-17,
            5.124779910340086e-16,
            -4.429021999959602e-16,
            -1.4464599856200863e-26,
            9.956316749445657e-25,
            -5.386551013473556e-24,
            3.829184479308251e-24,
            -0.004086354751396154,
            0.19891747777654092,
            -1.373115989066291,
            2.24035188886487,
            4.781696284019172e-10,
            -2.1224901546884713e-08,
            1.3509927212208754e-07,
            -1.9009547128107896e-07,
            -1.740954665626127e-17,
            7.206562119666381e-16,
            -4.2704947029403974e-15,
            4.9892318797091246e-15,
            1.961955139964845e-25,
            -7.674799995851317e-24,
            4.1905483675739166e-23,
            -3.556062733418046e-23,
            0.17721480267411227,
            2.6244416438517786,
            -5.6329670686639055,
            -26.70352322266596,
            -1.2299816206262964e-08,
            -3.3171539545838123e-07,
            8.575123354665386e-07,
            2.6981164865600924e-06,
            3.5651762295996804e-16,
            1.1785548479508006e-14,
            -2.847063311324327e-14,
            -1.0482800113669109e-13,
            -3.2798614000495363e-24,
            -1.2681889362123623e-22,
            2.5595578070611275e-22,
            1.3615651390550719e-21,
            0.11065863054199078,
            -5.248515608762352,
            35.162309823010425,
            -54.306860039459664,
            -1.2366053588685184e-08,
            5.166076196442012e-07,
            -2.983012241451908e-06,
            3.259652170494937e-06,
            4.340221053674372e-16,
            -1.601203159951232e-14,
            7.479370505423313e-14,
            -1.8917859213934032e-14,
            -4.738439599961187e-24,
            1.522210868326659e-22,
            -4.63238188014664e-22,
            -1.0178093164284349e-21,
            -0.9707936260785797,
            99.87191335002736,
            -1414.1229702273722,
            4347.980623514942,
            2.6492011749978435e-07,
            -1.1729281606928217e-05,
            0.00016830858208517283,
            -0.000512690084312126,
            -9.55959442161969e-15,
            4.4323499938762773e-13,
            -6.326674571749147e-12,
            1.924572599922165e-11,
            1.0199015708746748e-22,
            -5.244635101279126e-21,
            7.460115542926584e-20,
            -2.2741839484629056e-19
        ],
        "Cm": [
            0.0007959748543312049,
            -0.039698558828878426,
            0.2882192436247878,
            -0.5110110313425814,
            -9.495622593918163e-11,
            4.985446973569164e-09,
            -3.63301920952591e-08,
            6.473764731912462e-08,
            3.505410036506713e-18,
            -1.8156335400224594e-16,
            1.3146927054528955e-15,
            -2.3256746478184787e-15,
            -3.973371763734175e-26,
            2.0079287299894408e-24,
            -1.4398725628752628e-23,
            2.517476165831201e-23,
            -0.014419404836856635,
            0.6182373033487467,
            -6.315264812576447,
            14.812156753033717,
            -2.284701896986955e-09,
            -8.070647366659085e-08,
            8.501448188165792e-07,
            -2.041325809126885e-06,
            6.180291789454839e-17,
            3.07899764559656e-15,
            -3.3111051800604e-14,
            8.071244429791793e-14,
            -5.5375636713879195e-25,
            -3.6091956824588944e-23,
            3.9569461526944646e-22,
            -9.762526640908808e-22,
            -0.02374965431745473,
            1.2111011210767333,
            -8.657450663853709,
            15.045580987376441,
            2.9376961252536693e-09,
            -1.525417414114143e-07,
            1.0884009834171844e-06,
            -1.8717476305981615e-06,
            -1.0859179196192223e-16,
            5.523727667657764e-15,
            -3.868992784484555e-14,
            6.395009568598957e-14,
            1.2266045735124838e-24,
            -5.991318526481089e-23,
            4.0525620362466314e-22,
            -6.211458541114953e-22,
            1.0628688136418347,
            -51.82533104480649,
            488.12960414188706,
            -997.2574266822908,
            -5.99586931058285e-08,
            6.809214630342239e-06,
            -6.394011741500522e-05,
            0.00014017857159521642,
            2.356947098120686e-15,
            -2.574736568390201e-13,
            2.448881838064512e-12,
            -5.4066833100179776e-12,
            -2.90092207556057e-23,
            2.9645763387826533e-21,
            -2.8488284422296855e-20,
            6.301614909212058e-20
        ]
    }
}