{
    "tag": "Polynomial fit to database for my_airfoil airfoil.",
    "degrees_of_freedom": [
        "alpha",
        "Rey",
        "Mach"
    ],
    "defaults": {
        "alpha": 0.0,
        "Rey": 0.2605263157894737,
        "Mach": 0.0,
        "trailing_flap_deflection": 0.0,
        "trailing_flap_fraction": 0.0
    },
    "fit_degrees": {
        "CL": [
            1,
            3,
            3
        ],
        "CD": [
            4,
            3,
            3
        ],
        "Cm": [
            3,
            3,
            3
        ]
    },
    "fit_error": {
        "CL": {
            "R^2": 0.9963722295406223,
            "RMS": 0.04927447973275283,
            "RMSN": 0.0696361949699014
        },
        "CD": {
            "R^2": 0.9791845392959673,
            "RMS": 0.0017166592539798933,
            "RMSN": 0.19156187112856485
        },
        "Cm": {
            "R^2": 0.7691533507377671,
            "RMS": 0.002542312318408327,
            "RMSN": 0.7218234189703577
        }
    },
    "fit_coefs": {
        "CL": [
            -0.016233405836615946,
            0.6268839204906086,
            -3.795637149362408,
            5.41041039844548,
            2.022842622237974e-09,
            -6.646676400592935e-08,
            3.4823307180073223e-07,
            -3.7352010704016725e-07,
            -7.706701408615523e-17,
            2.178636514016699e-15,
            -9.785715420374244e-15,
            5.920510618694907e-15,
            8.653587507117373e-25,
            -2.230830900167723e-23,
            8.451600817905655e-23,
            3.0348638125802225e-24,
            6.193994349841575,
            5.032294732015809,
            -10.85684707103604,
            -24.580579430214907,
            3.2618653685397966e-08,
            -6.156184934461291e-07,
            2.059827972362753e-06,
            2.77662210303137e-06,
            -9.484645917389512e-16,
            2.150172208716945e-14,
            -6.894764918542148e-14,
            -1.160980752666673e-13,
            8.790173590173844e-24,
            -2.187105632093008e-22,
            5.568577183257255e-22,
            1.932042419715726e-21
        ],
        "CD": [
            0.005514976871893138,
            -0.03225588536301387,
            0.25972555925025215,
            -0.4412712296694141,
            -2.236816099612635e-11,
            3.859398429499547e-09,
            -3.2400990445462624e-08,
            6.019150801082164e-08,
            6.51417320507904e-19,
            -1.3835296477388441e-16,
            1.200242256658119e-15,
            -2.352628521914212e-15,
            -7.634426969521343e-27,
            1.5385927532113573e-24,
            -1.3739658441509117e-23,
            2.807531345796089e-23,
            0.005589487671914805,
            -0.2962511813663048,
            2.2505967242060123,
            -4.261858303943876,
            -8.70291898790282e-10,
            5.143899875537321e-08,
            -4.2055143430860783e-07,
            8.472013970376327e-07,
            3.5532602112842815e-17,
            -2.1490599891671817e-15,
            1.783700903658713e-14,
            -3.607185265300177e-14,
            -4.237061489843792e-25,
            2.5536559866547304e-23,
            -2.114902261316228e-22,
            4.21798179673133e-22,
            -0.04381308724877393,
            17.44051303636157,
            -128.516944644783,
            209.5160699032287,
            1.6937348594097342e-08,
            -2.354494357630032e-06,
            1.8359438874528094e-05,
            -3.3118941837356156e-05,
            -7.179535523994516e-16,
            8.974691894987983e-14,
            -7.191203226553829e-13,
            1.3496771854088579e-12,
            8.74145741895076e-24,
            -1.0286169165774954e-21,
            8.375729983196656e-21,
            -1.6044406315115546e-20,
            -0.14339082649662815,
            7.692669157400601,
            -59.076331012628856,
            113.20630281109251,
            2.3463975592557793e-08,
            -1.3789158946187056e-06,
            1.1333388504683402e-05,
            -2.2906204680628668e-05,
            -9.935291433841702e-16,
            5.758111288458261e-14,
            -4.756136006637331e-13,
            9.533881980839254e-13,
            1.2114391197404272e-23,
            -6.781233300177527e-22,
            5.518724694086621e-21,
            -1.0704742563462555e-20,
            9.93365193328356,
            -528.9931682499463,
            3517.9650114041415,
            -4582.658725000919,
            -1.1494926241948564e-06,
            7.606680552871663e-05,
            -0.0005548570413557552,
            0.0008979342836449283,
            4.3325197842259244e-14,
            -2.974756369461452e-12,
            2.2510385821549123e-11,
            -3.867424531550797e-11,
            -4.992464579025961e-22,
            3.446074752184476e-20,
            -2.65148062804204e-19,
            4.650060839747413e-19
        ],
        "Cm": [
            0.0011115755896634928,
            -0.0492122573124954,
            0.32996910881373537,
            -0.547297327388209,
            -1.4197919446057178e-10,
            6.474849950759848e-09,
            -4.464164114465894e-08,
            7.688696194023017e-08,
            5.314308474922818e-18,
            -2.4112416964623035e-16,
            1.673717014583155e-15,
            -2.909282990404102e-15,
            -5.979291104036269e-26,
            2.6893178253372988e-24,
            -1.865654711159655e-23,
            3.2554471150583634e-23,
            0.0015749914525939733,
            -0.48250482342754536,
            -0.04639751676520075,
            7.672624419070987,
            -5.503951413253337e-09,
            4.3264135101006776e-08,
            2.1064491441697976e-07,
            -1.5716706798547377e-06,
            1.786970669784281e-16,
            -1.1713287718531807e-15,
            -1.3354651549981042e-14,
            7.583817063019818e-14,
            -1.8363193928207547e-24,
            8.762142061333408e-24,
            2.1323316039933204e-22,
            -1.065891750698131e-21,
            -0.034469955293017863,
            1.5137032302814273,
            -10.183251184441518,
            16.740820704616485,
            4.565225435081792e-09,
            -2.0145121867518676e-07,
            1.396588387640272e-06,
            -2.3518983016082602e-06,
            -1.7557814233325312e-16,
            7.311809198715102e-15,
            -4.948320070846413e-14,
            7.795494142609894e-14,
            2.007262890118879e-24,
            -7.655733608257178e-23,
            4.77735275868876e-22,
            -6.066567616264426e-22,
            0.20099872012719214,
            -16.81693636511792,
            329.92364535737187,
            -934.1860843475671,
            4.9870638668001715e-08,
            3.3205657323956358e-06,
            -5.3895514472396784e-05,
            0.00016064339439170557,
            -1.5426105214466983e-15,
            -1.5142957843823574e-13,
            2.352054125607302e-12,
            -7.0199936147839324e-12,
            1.2849338422520766e-23,
            1.9819104574243398e-21,
            -3.0216579971285416e-20,
            9.09523493088369e-20
        ]
    }
}