{
    "tag": "Polynomial fit to database for wr_0 airfoil.",
    "degrees_of_freedom": [
        "trailing_flap_deflection",
        "alpha",
        "Rey",
        "Mach"
    ],
    "limits": [
        [
            -0.349065850399,
            0.349065850399
        ],
        [
            -0.279252680319,
            0.279252680319
        ],
        [
            1951982.0788931302,
            112619688.40101475
        ],
        [
            0.39502170507939993,
            1.1850651152379001
        ]
    ],
    "defaults": {
        "alpha": 0.0,
        "Rey": 47000000.0,
        "Mach": 0.85,
        "trailing_flap_deflection": 0.0,
        "trailing_flap_fraction": 0.3
    },
    "fit_degrees": {
        "CL": [
            3,
            3,
            1,
            2
        ],
        "CD": [
            2,
            2,
            2,
            3
        ],
        "Cm": [
            3,
            3,
            1,
            3
        ]
    },
    "fit_error": {
        "CL": {
            "R^2": 0.9943062895834774,
            "RMS": 0.05896670924708914,
            "RMSN": 0.030439062579259844
        },
        "CD": {
            "R^2": 0.9999713523350743,
            "RMS": 1.2207944833939919,
            "RMSN": 2.8650316172605246
        },
        "Cm": {
            "R^2": 0.9807975804554369,
            "RMS": 0.01872893924033699,
            "RMSN": 0.03904984204470912
        }
    },
    "fit_coefs": {
        "CL": [
            2.215624033108988,
            -7.229000246103656,
            5.288097552563586,
            2.2784667187473e-08,
            -6.28324705612381e-08,
            4.337147410925781e-08,
            -49.26892123635735,
            163.14291102657563,
            -104.32129755030162,
            9.980931683248623e-08,
            -3.123832733132197e-07,
            2.3217635574999856e-07,
            62.771916145543685,
            -195.6671014726186,
            153.9209699816484,
            -1.8414982989065872e-06,
            4.8988933707784115e-06,
            -3.260474531837006e-06,
            -68.29034969592554,
            740.0528895278042,
            -949.6322467034004,
            -5.764331854331433e-06,
            1.5247298270649117e-05,
            -9.959054497553284e-06,
            -26.386570924758697,
            93.42838780300585,
            -55.37673381166247,
            -3.5689384364806515e-07,
            9.917356281976488e-07,
            -6.749536169951551e-07,
            96.95605735994042,
            -255.56222744545363,
            173.84014294982356,
            -6.277061874912213e-06,
            1.692862070850433e-05,
            -1.1276174243370377e-05,
            -445.36448793501955,
            2337.456620271273,
            -2493.975917108408,
            2.2157607227657327e-06,
            -6.303152287550263e-06,
            4.410461363824051e-06,
            -1655.4473292204964,
            3989.530671043352,
            -2491.8585404655514,
            5.782795064671534e-05,
            -0.0001427949813506057,
            8.619810776820939e-05,
            155.53335241087743,
            -522.810891224435,
            435.92680500279914,
            -2.2965490262659558e-06,
            7.008794453885141e-06,
            -5.245904312967638e-06,
            -7042.866618886149,
            22241.200612838056,
            -17408.89180308715,
            -2.9519392003135674e-05,
            9.738573143801847e-05,
            -7.674979269144512e-05,
            -15404.744569861617,
            46910.628443103495,
            -35461.206227283306,
            0.00011126179895536633,
            -0.0003256561188673875,
            0.00023439301580476413,
            173696.11054451033,
            -531724.1695599525,
            402779.696294128,
            0.0008861913109842011,
            -0.002812067085686206,
            0.002155791787250108,
            133.4308513127926,
            -45.61821241530038,
            -249.53452350237413,
            6.2648654350849625e-06,
            -1.7595875304940254e-05,
            1.215246658257503e-05,
            -1962.2543432864484,
            5413.389283945656,
            -3729.7940692059697,
            4.073621537148508e-05,
            -0.00011132709860019753,
            7.487864331351416e-05,
            28179.099126886253,
            -89588.44268023879,
            70147.01646316379,
            -0.00016400711054295042,
            0.00046718109451129083,
            -0.00032799827362198507,
            -8671.150300566776,
            27896.814707457248,
            -20596.34489400865,
            -7.29219222937577e-05,
            9.131452864596901e-05,
            1.7324021046115746e-05
        ],