{
    "tag": "Polynomial fit to database for wr_10 airfoil.",
    "degrees_of_freedom": [
        "trailing_flap_deflection",
        "alpha",
        "Rey",
        "Mach"
    ],
    "limits": [
        [
            -0.349065850399,
            0.349065850399
        ],
        [
            -0.279252680319,
            0.279252680319
        ],
        [
            1715037.472104978,
            98949159.31505398
        ],
        [
            0.39372633647829997,
            1.1811790094351
        ]
    ],
    "defaults": {
        "alpha": 0.0,
        "Rey": 47000000.0,
        "Mach": 0.85,
        "trailing_flap_deflection": 0.0,
        "trailing_flap_fraction": 0.3
    },
    "fit_degrees": {
        "CL": [
            3,
            3,
            1,
            2
        ],
        "CD": [
            2,
            2,
            2,
            3
        ],
        "Cm": [
            3,
            3,
            1,
            3
        ]
    },
    "fit_error": {
        "CL": {
            "R^2": 0.9940127446552525,
            "RMS": 0.061483407281012634,
            "RMSN": 0.031144632425267018
        },
        "CD": {
            "R^2": 0.9999775386472682,
            "RMS": 1.4306693914363966,
            "RMSN": 3.4791273634261968
        },
        "Cm": {
            "R^2": 0.9795568374611328,
            "RMS": 0.019201796495494614,
            "RMSN": 0.040365732566770444
        }
    },
    "fit_coefs": {
        "CL": [
            1.0195854307537588,
            -3.4363856399501747,
            2.345313751180407,
            3.138823236257254e-08,
            -8.9448723234146e-08,
            6.394119231000526e-08,
            -44.579449076260744,
            145.8537110298631,
            -89.19239908137321,
            1.387407186640501e-07,
            -3.996569897058808e-07,
            2.8373657228528904e-07,
            147.15397754869818,
            -454.56975028398836,
            347.89122996089753,
            -2.2490560321603196e-06,
            6.351791648549078e-06,
            -4.461963199487333e-06,
            -105.37057585790645,
            903.0747946431704,
            -1106.854453146277,
            -7.701828034305474e-06,
            2.0804987428050417e-05,
            -1.3931106925205123e-05,
            -15.001268349559744,
            56.618767355622765,
            -26.227432734502695,
            -3.1733003004841794e-07,
            9.115873284054219e-07,
            -6.455596237024139e-07,
            168.75405960721938,
            -499.5202689928374,
            368.9571821154009,
            -2.604099115125693e-06,
            6.663956557753646e-06,
            -4.394423715032923e-06,
            -1514.030471429234,
            5535.78016342487,
            -4845.14381095376,
            6.360411896393708e-06,
            -2.0061269709697447e-05,
            1.5227858594278116e-05,
            -2729.035207943124,
            7294.341204058658,
            -4954.423525481839,
            -4.750954865230531e-05,
            0.0001523224656361292,
            -0.00011388631438277138,
            306.6020140847599,
            -967.1638469554641,
            759.3323883506858,
            -2.023837337333497e-06,
            6.005358792012521e-06,
            -4.421955314658708e-06,
            -8884.466119677345,
            28431.75556764308,
            -22392.971513811866,
            -7.349121738984077e-05,
            0.00021247371700140947,
            -0.0001505252081653899,
            -21300.285295976595,
            64139.83995113813,
            -47948.22269677503,
            0.00011927416110322951,
            -0.00035049059657368326,
            0.00025457747271449046,
            176600.5749140079,
            -557608.1310883942,
            433057.9656136867,
            0.002494193989187574,
            -0.007158759403761458,
            0.005044498195894253,
            -15.311228964127725,
            408.7901284535865,
            -592.5117045558292,
            4.037446877404286e-06,
            -1.1767009641164919e-05,
            8.439447976759197e-06,
            -2041.2430575741903,
            6062.452737410593,
            -4440.766809913993,
            5.3543466703171774e-05,
            -0.00014388130853609346,
            9.752391140252018e-05,
            27723.683345504865,
            -90786.31588450362,
            72573.09838164497,
            0.00017508324987889902,
            -0.0004394651992120655,
            0.00027413053324074337,
            -26188.796825192032,
            73634.02705025875,
            -50394.464441657794,
            0.00041101881370998847,
            -0.0013350745641890931,
            0.0010062783764228367
        ],