{
    "tag": "Polynomial fit to database for wr_100 airfoil.",
    "degrees_of_freedom": [
        "trailing_flap_deflection",
        "alpha",
        "Rey",
        "Mach"
    ],
    "limits": [
        [
            -0.349065850399,
            0.349065850399
        ],
        [
            -0.279252680319,
            0.279252680319
        ],
        [
            369506.17482318217,
            21318674.34686421
        ],
        [
            0.37326337142849997,
            1.1197901142857
        ]
    ],
    "defaults": {
        "alpha": 0.0,
        "Rey": 47000000.0,
        "Mach": 0.85,
        "trailing_flap_deflection": 0.0,
        "trailing_flap_fraction": 0.3
    },
    "fit_degrees": {
        "CL": [
            3,
            3,
            1,
            2
        ],
        "CD": [
            2,
            2,
            2,
            3
        ],
        "Cm": [
            3,
            3,
            1,
            3
        ]
    },
    "fit_error": {
        "CL": {
            "R^2": 0.9957838842299143,
            "RMS": 0.050567832100871554,
            "RMSN": 0.023421146949219013
        },
        "CD": {
            "R^2": 0.9999753803481729,
            "RMS": 2.4189821466257984,
            "RMSN": 6.83117493058834
        },
        "Cm": {
            "R^2": 0.9713353373114251,
            "RMS": 0.017832311235377186,
            "RMSN": 0.0392146280295975
        }
    },
    "fit_coefs": {
        "CL": [
            -1.4913004359848103,
            4.662587899271131,
            -3.7599016128415976,
            -2.6417074322365938e-08,
            1.0950747112004612e-07,
            -9.355082331692304e-08,
            50.89100373534419,
            -142.69518932712975,
            125.31140768607364,
            -4.0214972105565244e-08,
            -4.258063696562231e-08,
            1.2805815697595695e-07,
            178.37849644015668,
            -576.2103782162534,
            449.36803764487877,
            2.3063706791925646e-06,
            -6.850614572643369e-06,
            4.843674170772752e-06,
            -1865.0547511514474,
            6054.090774440403,
            -4817.820004623035,
            -1.702592550991649e-05,
            5.6312414105591735e-05,
            -4.5119592508345026e-05,
            58.88979472383932,
            -173.63026323516735,
            149.5732633591568,
            -2.532701042128489e-06,
            7.658411230198879e-06,
            -5.741152281474608e-06,
            191.86694979163363,
            -581.1985127687265,
            436.7477500262054,
            1.6883752710616358e-05,
            -4.932845084135253e-05,
            3.490099949533295e-05,
            -4806.400335214806,
            15730.51081251129,
            -12561.062562885156,
            0.00011718904297457136,
            -0.00036255234794616535,
            0.0002774389954832362,
            525.7580277735308,
            -2975.107991375711,
            3116.4890055270694,
            -0.00019681410729220915,
            0.0005282822779542222,
            -0.0003283594490190273,
            12.951745422267663,
            -35.88886104849275,
            19.935620928208948,
            1.8367228961202356e-05,
            -5.6924855219182126e-05,
            4.368137967974896e-05,
            -2776.874480366115,
            8688.633226844035,
            -6592.689599311846,
            -0.00037725874589658874,
            0.0011439012927964966,
            -0.0008456818910525138,
            4542.893387011256,
            -14502.771826933393,
            11376.313385021094,
            -0.0016944362939983729,
            0.005146906954243979,
            -0.003865529447002573,
            13464.41185744712,
            -24543.18542526034,
            3387.534632046328,
            0.005340930456179863,
            -0.015965870962180842,
            0.01156006805536621,
            -1242.1828435126024,
            4160.014114652997,
            -3409.8421994244413,
            2.3261655632893343e-05,
            -7.272144078517278e-05,
            5.606011222244398e-05,
            -2783.6626599910987,
            8193.479884549428,
            -5977.846490809051,
            -0.0001949424227770804,
            0.0005630453468803838,
            -0.00039523406219585535,
            62547.92611512089,
            -199132.30655095653,
            155051.6317664123,
            -0.001261552075882549,
            0.003928758476893213,
            -0.0030218229114177403,
            11889.280695190932,
            -20403.075592804515,
            5185.9162278904005,
            -0.002238259097100339,
            0.0068710118244785685,
            -0.0054273955814696405
        ],