{
    "tag": "Polynomial fit to database for wr_15 airfoil.",
    "degrees_of_freedom": [
        "trailing_flap_deflection",
        "alpha",
        "Rey",
        "Mach"
    ],
    "limits": [
        [
            -0.349065850399,
            0.349065850399
        ],
        [
            -0.279252680319,
            0.279252680319
        ],
        [
            1573294.924916226,
            90771317.07450677
        ],
        [
            0.3898239294222,
            1.1694717882679
        ]
    ],
    "defaults": {
        "alpha": 0.0,
        "Rey": 47000000.0,
        "Mach": 0.85,
        "trailing_flap_deflection": 0.0,
        "trailing_flap_fraction": 0.3
    },
    "fit_degrees": {
        "CL": [
            3,
            3,
            1,
            2
        ],
        "CD": [
            2,
            2,
            2,
            3
        ],
        "Cm": [
            3,
            3,
            1,
            3
        ]
    },
    "fit_error": {
        "CL": {
            "R^2": 0.9961477040838458,
            "RMS": 0.04903424954956893,
            "RMSN": 0.0243009346406322
        },
        "CD": {
            "R^2": 0.9999743450371404,
            "RMS": 2.0214496788690934,
            "RMSN": 5.147778055229537
        },
        "Cm": {
            "R^2": 0.9807909840918831,
            "RMS": 0.017291873783212355,
            "RMSN": 0.036724362464948604
        }
    },
    "fit_coefs": {
        "CL": [
            -0.21660411107583893,
            0.5439286576873532,
            -0.49479482534761654,
            1.2581413720045976e-08,
            -3.68602086811059e-08,
            2.7756757640254745e-08,
            5.583430048430149,
            -4.134215400753716,
            21.08297917327417,
            -7.811068500159768e-09,
            -5.082875410747923e-09,
            1.9026044282600018e-08,
            188.63032435398108,
            -576.196605258296,
            432.6795584963876,
            -1.5182118448406968e-06,
            4.272161332255913e-06,
            -3.00516012829058e-06,
            -1427.0334360061318,
            4834.122059686658,
            -3974.8881735560853,
            -4.147219981211309e-06,
            1.153532042332978e-05,
            -7.96270198586359e-06,
            -0.6370606939782897,
            15.268714313135092,
            3.0006341327125505,
            -2.954978290699445e-07,
            8.242893144345813e-07,
            -5.775614041112021e-07,
            149.66646315593073,
            -434.73812579081454,
            321.9722177546508,
            -2.2270253957171683e-06,
            5.395125502388497e-06,
            -3.3745264221420186e-06,
            -2151.3595329335267,
            7301.368292200925,
            -6066.428820287757,
            1.345502484972073e-06,
            -4.273739679467645e-06,
            3.510624070359569e-06,
            -2591.0722564879056,
            7469.831625465124,
            -5584.22170746707,
            -7.432419804323906e-06,
            4.410112551514478e-05,
            -4.148307133103253e-05,
            158.73720184653885,
            -532.0275077779113,
            436.9378482543842,
            -3.085226166058146e-07,
            1.8243002013952142e-06,
            -1.8472890035721535e-06,
            -9319.11949275993,
            28956.086873624696,
            -22254.927797725682,
            -2.871487656983704e-05,
            0.00010131893636496998,
            -8.188340078308104e-05,
            -21215.646178607058,
            65684.11951687658,
            -49923.00932632772,
            8.333118163520791e-05,
            -0.00025160938966872315,
            0.00018549695109396978,
            216847.235663644,
            -665051.0221016549,
            501804.21599359694,
            0.0008488339729424752,
            -0.0028434731700824256,
            0.0022341974407661955,
            -436.25492068802873,
            1612.006877004083,
            -1438.2432982087828,
            9.389690410886245e-06,
            -2.6757323363852044e-05,
            1.888807725808677e-05,
            -1270.4566471293956,
            3612.079735499285,
            -2600.987242053638,
            3.579376764629972e-05,
            -8.983420266252896e-05,
            5.6957499142348293e-05,
            40171.48952452529,
            -126296.98949563947,
            97680.52626119113,
            -0.0003206852030698855,
            0.0009263233472000605,
            -0.0006605852062552046,
            -3827.074914550471,
            9934.087230834859,
            -4161.9288563455275,
            0.00012422991909142396,
            -0.0005981388302938199,
            0.0005423949409347417
        ],