{
    "tag": "Polynomial fit to database for wr_25 airfoil.",
    "degrees_of_freedom": [
        "trailing_flap_deflection",
        "alpha",
        "Rey",
        "Mach"
    ],
    "limits": [
        [
            -0.349065850399,
            0.349065850399
        ],
        [
            -0.279252680319,
            0.279252680319
        ],
        [
            1319589.4648000721,
            76133769.84860232
        ],
        [
            0.3880205511245,
            1.1640616533728
        ]
    ],
    "defaults": {
        "alpha": 0.0,
        "Rey": 47000000.0,
        "Mach": 0.85,
        "trailing_flap_deflection": 0.0,
        "trailing_flap_fraction": 0.3
    },
    "fit_degrees": {
        "CL": [
            3,
            3,
            1,
            2
        ],
        "CD": [
            2,
            2,
            2,
            3
        ],
        "Cm": [
            3,
            3,
            1,
            3
        ]
    },
    "fit_error": {
        "CL": {
            "R^2": 0.9970455967387735,
            "RMS": 0.04267474292061131,
            "RMSN": 0.020786768923221496
        },
        "CD": {
            "R^2": 0.9999735373763358,
            "RMS": 2.6902296282835283,
            "RMSN": 7.030437670300133
        },
        "Cm": {
            "R^2": 0.9836641939382397,
            "RMS": 0.0149040059710177,
            "RMSN": 0.03183581038099065
        }
    },
    "fit_coefs": {
        "CL": [
            0.013675765569429642,
            0.027920769589959347,
            0.1758684862161182,
            1.3913758551545954e-08,
            -3.803586413485918e-08,
            2.7469899696953712e-08,
            10.664004310596837,
            -20.112470220117043,
            33.13514261284085,
            -1.7338324815395455e-07,
            5.615752318086557e-07,
            -4.3207069746005633e-07,
            108.94480916462246,
            -313.1681320666444,
            220.74666493617048,
            -1.9853058445449894e-06,
            5.496007701413494e-06,
            -3.7993838395554668e-06,
            -1218.8467464299,
            4186.860234315522,
            -3485.558661807028,
            -3.6410321885830253e-06,
            7.232539952706756e-06,
            -3.359823915399609e-06,
            10.129944967699634,
            -18.232162244915045,
            28.328169825751598,
            -3.3715427131124343e-07,
            9.683763232892792e-07,
            -6.984192057587585e-07,
            -93.70961015809667,
            331.644360088778,
            -275.0069609948065,
            -1.3279634322850695e-06,
            2.9008109681044487e-06,
            -1.8043780985913065e-06,
            -2655.4694752335386,
            8832.962247448488,
            -7206.130680932961,
            6.559813116856497e-06,
            -2.0413308125391314e-05,
            1.577041394029639e-05,
            2406.633289286536,
            -8112.588284277614,
            6377.458562184779,
            9.612861754735037e-06,
            -7.621932600496032e-06,
            2.575972514372027e-07,
            12.085164995968862,
            -48.562932393856045,
            50.12139937771105,
            -1.9452037331880997e-06,
            6.221169672570242e-06,
            -4.804813628641185e-06,
            -8597.956675679661,
            27276.453127649747,
            -21384.421657899173,
            -4.858393298388443e-05,
            0.00014929273532453654,
            -0.00010904951558895741,
            -8594.20824501385,
            25929.267693576858,
            -19389.310043975172,
            0.0001459393326965373,
            -0.0004097248701842079,
            0.000283161393828998,
            186730.10498844163,
            -583781.7962245427,
            450144.22308391746,
            0.001352074107994526,
            -0.0039409005865736705,
            0.0027692584769106686,
            -401.1135148405697,
            1537.9037867416362,
            -1402.6722428562707,
            8.437858973567844e-06,
            -2.4019808294017213e-05,
            1.7028960752998395e-05,
            -595.23460229911,
            885.0646411638979,
            -98.55504888239916,
            9.46848883368764e-05,
            -0.00025643659932348106,
            0.0001751344901289138,
            32927.091181423784,
            -106358.96079540982,
            84127.63141541941,
            -0.000131538160382815,
            0.000381022666218987,
            -0.00027633725623907703,
            -5210.685560421961,
            28403.432769784315,
            -27469.607199143185,
            -0.0014845289055166937,
            0.003961605180273138,
            -0.0026859333380872294
        ],