{
    "tag": "Polynomial fit to database for wr_20 airfoil.",
    "degrees_of_freedom": [
        "trailing_flap_deflection",
        "alpha",
        "Rey",
        "Mach"
    ],
    "limits": [
        [
            -0.349065850399,
            0.349065850399
        ],
        [
            -0.279252680319,
            0.279252680319
        ],
        [
            1440102.836336948,
            83086793.90419959
        ],
        [
            0.38739918627619996,
            1.1621975588288
        ]
    ],
    "defaults": {
        "alpha": 0.0,
        "Rey": 47000000.0,
        "Mach": 0.85,
        "trailing_flap_deflection": 0.0,
        "trailing_flap_fraction": 0.3
    },
    "fit_degrees": {
        "CL": [
            3,
            3,
            1,
            2
        ],
        "CD": [
            2,
            2,
            2,
            3
        ],
        "Cm": [
            3,
            3,
            1,
            3
        ]
    },
    "fit_error": {
        "CL": {
            "R^2": 0.9962525632318243,
            "RMS": 0.04839650904087016,
            "RMSN": 0.023639836229012754
        },
        "CD": {
            "R^2": 0.9999733741673137,
            "RMS": 2.4097421729996356,
            "RMSN": 6.308110453436695
        },
        "Cm": {
            "R^2": 0.9803630370482801,
            "RMS": 0.016683943711512272,
            "RMSN": 0.03558310266247826
        }
    },
    "fit_coefs": {
        "CL": [
            -0.01299362226664403,
            -0.013417328011746766,
            0.09243799441174909,
            1.3204668072589593e-08,
            -3.4133295186497276e-08,
            2.3148030817512783e-08,
            6.144886327040664,
            -7.198464075420055,
            24.184433136044454,
            9.909493558792095e-08,
            -2.4369335730696213e-07,
            1.4559090087934774e-07,
            167.5559310334455,
            -507.93771647950297,
            377.5496231664906,
            -1.8839565003364206e-06,
            5.247599094612161e-06,
            -3.6519753385948243e-06,
            -1393.3910071392206,
            4748.2611287726795,
            -3920.4055169886983,
            -8.732898461754755e-06,
            2.3032888567012486e-05,
            -1.5062370231152496e-05,
            10.514533095742705,
            -18.670194271292523,
            28.41250458393863,
            -3.915107831431849e-07,
            1.1111589770097519e-06,
            -7.895721587674987e-07,
            159.02464218037912,
            -453.11851440763957,
            320.27585543051504,
            -2.1197133443481504e-06,
            5.3653561542080265e-06,
            -3.477530778942801e-06,
            -2503.733418353359,
            8371.514741035724,
            -6867.293543941915,
            6.493160954145801e-06,
            -2.0622639693264658e-05,
            1.609238031659289e-05,
            -2420.3483085432867,
            6901.956600497591,
            -4978.109193979069,
            -4.2821125573830186e-05,
            0.00014746096480905624,
            -0.0001163160603048393,
            32.10973483328547,
            -134.72826257287682,
            131.7906668436436,
            1.7128272705144153e-07,
            5.8693484796869536e-08,
            -3.8551043981628774e-07,
            -9138.681315323216,
            28773.457284734137,
            -22299.40948788847,
            -3.3700211209029676e-05,
            0.00010567646113812986,
            -7.901939814974933e-05,
            -16521.976713286946,
            51785.692733642165,
            -39760.55215503684,
            8.439446566746427e-05,
            -0.00023753549446055587,
            0.00016584645964690632,
            199707.99289723273,
            -620241.5240419275,
            472374.95756986825,
            0.0017300430561084793,
            -0.005243017054787239,
            0.0038439145597145585,
            -523.5780396078503,
            1887.1960443964376,
            -1650.5815774564642,
            6.619060869722558e-06,
            -1.926084291013848e-05,
            1.3903784958137346e-05,
            -1863.7727304953173,
            5199.8206262765025,
            -3591.091807882155,
            3.941666766098652e-05,
            -0.00010526632669334385,
            7.09301358974593e-05,
            37920.55256238884,
            -120434.63719954941,
            93990.13604611563,
            -0.00010971600526689872,
            0.0003412737511014065,
            -0.00026042226516963,
            20475.642034621287,
            -57754.31426652962,
            41287.35313815267,
            0.0004811297313721926,
            -0.0015861731246699868,
            0.0012201484071113207
        ],