{
    "tag": "Polynomial fit to database for wr_30 airfoil.",
    "degrees_of_freedom": [
        "trailing_flap_deflection",
        "alpha",
        "Rey",
        "Mach"
    ],
    "limits": [
        [
            -0.349065850399,
            0.349065850399
        ],
        [
            -0.279252680319,
            0.279252680319
        ],
        [
            1194875.9437403132,
            68938417.98906694
        ],
        [
            0.3873259320882,
            1.161977796265
        ]
    ],
    "defaults": {
        "alpha": 0.0,
        "Rey": 47000000.0,
        "Mach": 0.85,
        "trailing_flap_deflection": 0.0,
        "trailing_flap_fraction": 0.3
    },
    "fit_degrees": {
        "CL": [
            3,
            3,
            1,
            2
        ],
        "CD": [
            2,
            2,
            2,
            3
        ],
        "Cm": [
            3,
            3,
            1,
            3
        ]
    },
    "fit_error": {
        "CL": {
            "R^2": 0.9958502688084632,
            "RMS": 0.051326405701595905,
            "RMSN": 0.025192920347620454
        },
        "CD": {
            "R^2": 0.9999745928303423,
            "RMS": 2.7276967983129228,
            "RMSN": 7.333157121269491
        },
        "Cm": {
            "R^2": 0.9782642008380623,
            "RMS": 0.01735487839839046,
            "RMSN": 0.0377330180474784
        }
    },
    "fit_coefs": {
        "CL": [
            0.9021341813298486,
            -2.443931268025792,
            2.2459144144401924,
            2.786614064986459e-08,
            -8.44761495514282e-08,
            6.374923229009762e-08,
            13.26139297509676,
            -25.757782856793874,
            36.29347168914052,
            -1.2782175346632363e-07,
            3.3524529930034436e-07,
            -2.1230795655513443e-07,
            33.69849917032468,
            -78.45955258561663,
            39.665790533548794,
            -2.1969128727566628e-06,
            6.3650895143379205e-06,
            -4.578230862081591e-06,
            -1544.0684200292992,
            5098.793851457965,
            -4121.235934573806,
            -1.0453040485634005e-05,
            3.047161341624432e-05,
            -2.207159744953247e-05,
            -1.3283396947136044,
            17.271196169821458,
            1.8437656261828952,
            -6.709749212850191e-07,
            1.938545072744631e-06,
            -1.3826981210431442e-06,
            -236.63858994556594,
            815.5837958699295,
            -680.2676195353155,
            -5.849532377523252e-06,
            1.6396613535602176e-05,
            -1.1480997212533517e-05,
            -2652.4256978065537,
            8812.797948056008,
            -7199.16639553624,
            2.5377743450194908e-05,
            -7.429663609489912e-05,
            5.361521754702163e-05,
            3423.7389558035493,
            -12002.496990103806,
            10009.387784073953,
            0.00015278675763169436,
            -0.00042818426064088633,
            0.0002988828281673532,
            -258.51270491328864,
            795.0691171750649,
            -597.2003653119659,
            -4.519707269813081e-06,
            1.4123288471618268e-05,
            -1.0820514212444829e-05,
            -10912.773139215295,
            34342.567339746405,
            -26693.247440978572,
            -1.8832737833310144e-05,
            6.97373434975471e-05,
            -5.900641161665395e-05,
            6839.345288475974,
            -21301.889465758646,
            16067.039135855393,
            0.00022610495663458264,
            -0.0006725381008815904,
            0.0004946090891430952,
            283503.4047556557,
            -875761.5491401203,
            665875.1497473399,
            0.001681706190461663,
            -0.005227012437146201,
            0.003958938958592708,
            -472.61319072385663,
            1681.4577517889807,
            -1470.1447407413866,
            1.4367902964159192e-05,
            -4.084148875172988e-05,
            2.8711696938306928e-05,
            1438.9522031864583,
            -6016.519322765597,
            5609.260142650274,
            0.00011257798710919358,
            -0.00031074457955979816,
            0.00021308214742093924,
            53612.96951144206,
            -164658.31620248716,
            124984.15180077523,
            -0.0005326491191043548,
            0.0015655665983851299,
            -0.001132438250525743,
            -8844.657287122902,
            52961.09151368862,
            -56111.229947576205,
            -0.0029063024727467375,
            0.008214353796206131,
            -0.005749171268365647
        ],