{
    "tag": "Polynomial fit to database for wr_37 airfoil.",
    "degrees_of_freedom": [
        "trailing_flap_deflection",
        "alpha",
        "Rey",
        "Mach"
    ],
    "limits": [
        [
            -0.349065850399,
            0.349065850399
        ],
        [
            -0.279252680319,
            0.279252680319
        ],
        [
            1010560.2157710062,
            58304314.287110776
        ],
        [
            0.3824384142432,
            1.1473152427295
        ]
    ],
    "defaults": {
        "alpha": 0.0,
        "Rey": 47000000.0,
        "Mach": 0.85,
        "trailing_flap_deflection": 0.0,
        "trailing_flap_fraction": 0.3
    },
    "fit_degrees": {
        "CL": [
            3,
            3,
            1,
            2
        ],
        "CD": [
            2,
            2,
            2,
            3
        ],
        "Cm": [
            3,
            3,
            1,
            3
        ]
    },
    "fit_error": {
        "CL": {
            "R^2": 0.9950760101487297,
            "RMS": 0.05704277111007944,
            "RMSN": 0.027459478791674312
        },
        "CD": {
            "R^2": 0.9999784392229409,
            "RMS": 2.5896264808965412,
            "RMSN": 7.030784542040834
        },
        "Cm": {
            "R^2": 0.9724727866262991,
            "RMS": 0.019293075290805203,
            "RMSN": 0.04205758732185414
        }
    },
    "fit_coefs": {
        "CL": [
            1.6896809458905693,
            -4.660638798972447,
            4.2604988806129285,
            7.781011828670835e-09,
            -2.412937688061952e-08,
            1.8343727419205074e-08,
            30.711274669748963,
            -79.82047752801562,
            78.14265081059636,
            -3.122859888181022e-07,
            9.330779447753248e-07,
            -6.853315417003619e-07,
            -51.628356571006215,
            191.43273755873082,
            -172.67905004115588,
            -1.846276561491465e-06,
            5.51468801639876e-06,
            -4.0467155024760734e-06,
            -1977.1113572432012,
            6489.660575497264,
            -5228.146935096314,
            -5.8085204528244346e-06,
            1.676135234696215e-05,
            -1.1962130954577404e-05,
            -12.58264209253013,
            52.10927526672793,
            -24.04964301305362,
            -7.122120253942295e-07,
            2.1145844436112415e-06,
            -1.5482560075832347e-06,
            -754.7392552276135,
            2433.8309397695825,
            -1923.3774216980257,
            -1.6032779517646688e-07,
            -1.0577027797989118e-07,
            4.0705160364184586e-07,
            -2527.8104387688804,
            8542.72729442779,
            -7067.509642711013,
            2.7325426936922213e-05,
            -8.203560148173301e-05,
            6.0605668459304396e-05,
            16482.7616250916,
            -52357.64459109325,
            40563.63833505305,
            -3.911401800099518e-06,
            2.5535606857052466e-05,
            -2.7022928810995177e-05,
            -619.7234713212438,
            1957.749519502472,
            -1516.2541923372962,
            -5.247815475605416e-06,
            1.5777353349833874e-05,
            -1.1678456410529546e-05,
            -10556.270316548436,
            33789.9535676535,
            -26666.009243961034,
            -4.225751817314122e-05,
            0.0001306028402849298,
            -9.8165894699774e-05,
            22896.292899268752,
            -72072.96573863331,
            55580.78852509692,
            0.00036507111987204134,
            -0.001087052544937761,
            0.0007961319745644626,
            255298.82482459553,
            -799777.8780719921,
            616237.9581130624,
            0.002945430121884873,
            -0.008868556835322838,
            0.0065505756179666365,
            -236.7770719595822,
            1008.9052788921456,
            -1000.3573364253001,
            8.293017217989164e-06,
            -2.4895498951011395e-05,
            1.836236292057208e-05,
            6340.2230888038275,
            -21001.53463332535,
            16917.351481331796,
            1.8508044076937083e-05,
            -4.711379282874359e-05,
            2.9904099009446404e-05,
            42968.69162273043,
            -135735.7688351461,
            105514.65759058493,
            -0.0001474867279277111,
            0.0005013587890650098,
            -0.00040377859689400106,
            -93000.42702346186,
            315470.2000035321,
            -256501.75354809253,
            0.00019105077249222693,
            -0.0005213767062824059,
            0.0003591152404813807
        ],