{
    "tag": "Polynomial fit to database for wr_35 airfoil.",
    "degrees_of_freedom": [
        "trailing_flap_deflection",
        "alpha",
        "Rey",
        "Mach"
    ],
    "limits": [
        [
            -0.349065850399,
            0.349065850399
        ],
        [
            -0.279252680319,
            0.279252680319
        ],
        [
            1081526.5870792211,
            62398722.073996715
        ],
        [
            0.3904064494533,
            1.1712193483601
        ]
    ],
    "defaults": {
        "alpha": 0.0,
        "Rey": 47000000.0,
        "Mach": 0.85,
        "trailing_flap_deflection": 0.0,
        "trailing_flap_fraction": 0.3
    },
    "fit_degrees": {
        "CL": [
            3,
            3,
            1,
            2
        ],
        "CD": [
            2,
            2,
            2,
            3
        ],
        "Cm": [
            3,
            3,
            1,
            3
        ]
    },
    "fit_error": {
        "CL": {
            "R^2": 0.9952698671140834,
            "RMS": 0.05391817908261015,
            "RMSN": 0.026848895696615603
        },
        "CD": {
            "R^2": 0.9999754540408626,
            "RMS": 2.7265620993063453,
            "RMSN": 7.325075835457185
        },
        "Cm": {
            "R^2": 0.9770264169323022,
            "RMS": 0.01775450867445958,
            "RMSN": 0.03867151736344826
        }
    },
    "fit_coefs": {
        "CL": [
            1.1697223159381889,
            -3.0899865556814388,
            2.926611766842511,
            -3.705031538548728e-09,
            1.0801553651447337e-08,
            -7.510664955143313e-09,
            10.450058137606993,
            -16.670676037130253,
            28.78090812348898,
            -3.8249956686160885e-07,
            1.1258649754234044e-06,
            -8.082620551428853e-07,
            -54.487232875715385,
            196.36773109571277,
            -171.9049896396646,
            -1.6912284681044088e-06,
            4.867009673150988e-06,
            -3.4538717000836114e-06,
            -1429.406013247047,
            4741.015639109499,
            -3855.9333458134265,
            -4.206464754114313e-06,
            1.125565656090688e-05,
            -7.622640576830717e-06,
            -38.38154079499303,
            130.07653401653164,
            -82.8122042076938,
            -7.803056153241424e-07,
            2.2956005117928016e-06,
            -1.6672200199966278e-06,
            -410.158921940348,
            1328.6605060183697,
            -1057.1443023862932,
            2.532271893415954e-07,
            -5.901160088991427e-07,
            3.041010160765711e-07,
            -1319.6799700153783,
            4753.800681229781,
            -4153.784735287766,
            2.967155208755274e-05,
            -8.761904632669955e-05,
            6.385936191473738e-05,
            9232.993915194895,
            -28947.514059394332,
            22186.235466551803,
            -1.3923414012303463e-05,
            3.157294337679369e-05,
            -1.7215786250441615e-05,
            -551.0588054333695,
            1716.9952263243256,
            -1313.4591129114501,
            -3.2547276729697273e-06,
            9.525894161748124e-06,
            -6.810028676032833e-06,
            -10765.930840996149,
            33881.119123446726,
            -26288.278562211446,
            9.752493085671492e-06,
            -2.3744112434326584e-05,
            1.4135088377535028e-05,
            22467.75423771899,
            -69285.89678411494,
            52361.821038410126,
            0.00031216955241681954,
            -0.000912354406433954,
            0.0006534817056263072,
            267572.33627645124,
            -827415.4028258284,
            629659.9214781175,
            0.0016548037187119153,
            -0.004888189189730759,
            0.003549990086082779,
            122.1928525188442,
            -97.0581017364733,
            -161.03957231211422,
            6.941765999578572e-06,
            -2.0181193260688376e-05,
            1.455617091625196e-05,
            3784.365728390814,
            -12752.515663685506,
            10386.442810728528,
            -3.934755660637351e-05,
            0.00011928308966432653,
            -8.741627267514106e-05,
            29574.18505211421,
            -93002.69869341183,
            72317.54378462757,
            -0.0001093142302669618,
            0.00036212089852808484,
            -0.0002891192256207529,
            -55131.08062676451,
            188984.5690039187,
            -153990.7526404428,
            0.0014211741428579513,
            -0.00398628541060572,
            0.0027580602908686296
        ],