{
    "tag": "Polynomial fit to database for wr_40 airfoil.",
    "degrees_of_freedom": [
        "trailing_flap_deflection",
        "alpha",
        "Rey",
        "Mach"
    ],
    "limits": [
        [
            -0.349065850399,
            0.349065850399
        ],
        [
            -0.279252680319,
            0.279252680319
        ],
        [
            950024.7312958296,
            54811716.95616361
        ],
        [
            0.3704716080744,
            1.1114148242236002
        ]
    ],
    "defaults": {
        "alpha": 0.0,
        "Rey": 47000000.0,
        "Mach": 0.85,
        "trailing_flap_deflection": 0.0,
        "trailing_flap_fraction": 0.3
    },
    "fit_degrees": {
        "CL": [
            3,
            3,
            1,
            2
        ],
        "CD": [
            2,
            2,
            2,
            3
        ],
        "Cm": [
            3,
            3,
            1,
            3
        ]
    },
    "fit_error": {
        "CL": {
            "R^2": 0.9954950280214954,
            "RMS": 0.05637948841257609,
            "RMSN": 0.0255331150890547
        },
        "CD": {
            "R^2": 0.9999804278450998,
            "RMS": 2.761787234917273,
            "RMSN": 7.607057370662676
        },
        "Cm": {
            "R^2": 0.9693469342771823,
            "RMS": 0.019416423200892065,
            "RMSN": 0.04223096589025863
        }
    },
    "fit_coefs": {
        "CL": [
            1.9181380736022724,
            -5.327242882450991,
            4.960727601423109,
            -3.529858497956492e-09,
            9.018329961311738e-09,
            -5.634027164672004e-09,
            40.56702177755107,
            -111.68702357522608,
            104.95329658908702,
            -2.7271008698420644e-07,
            8.26031308699978e-07,
            -6.130947533060743e-07,
            -75.29090075188985,
            267.6587254780678,
            -233.22346053841713,
            -7.254595083354095e-07,
            2.277185387046813e-06,
            -1.734811047246038e-06,
            -1624.1057544258379,
            5463.102830686419,
            -4515.921111353231,
            -5.788647332796045e-06,
            1.784523065548832e-05,
            -1.3631283030896434e-05,
            14.427390006873647,
            -32.90732261009984,
            43.348236884039224,
            -5.05571828259496e-07,
            1.5583408965140813e-06,
            -1.1855635310021969e-06,
            -683.7678707797703,
            2257.545364563879,
            -1830.3132412913467,
            -5.897705881641777e-06,
            1.840747776742818e-05,
            -1.4169486285931635e-05,
            -3376.648470239563,
            11435.295841053046,
            -9498.76843770087,
            -7.68845313413335e-06,
            2.1748334176900506e-05,
            -1.517157776368138e-05,
            13057.253114019153,
            -42145.9519578617,
            33299.40967342598,
            0.00013697206684005472,
            -0.00043239558890883345,
            0.0003356886509436046,
            -390.33672672895074,
            1255.1752169085853,
            -985.3875777442928,
            -3.5212392001325998e-06,
            1.105341238664024e-05,
            -8.510712266316368e-06,
            -11143.042345323776,
            36264.41993999634,
            -29067.67622548975,
            -3.336153442069399e-05,
            0.00010540681291438075,
            -8.096875895034716e-05,
            12388.078231226587,
            -38715.22438145909,
            29511.92551297178,
            0.0003049826664544283,
            -0.0009526399779057869,
            0.000727700383310569,
            222242.10167465196,
            -710725.9485691608,
            560133.0066722995,
            0.0017836042041159887,
            -0.005605347416191471,
            0.004304440369170382,
            -574.5910021469273,
            2083.218704705757,
            -1852.2133591604613,
            5.830176095352992e-06,
            -1.787188176864564e-05,
            1.3534373014018166e-05,
            6841.476569467484,
            -22873.518514319465,
            18692.675054645028,
            6.318748005596424e-05,
            -0.00019427582292256662,
            0.00014662194654139677,
            51531.91630843263,
            -165178.32481494112,
            130484.48902894056,
            2.4459079631895178e-05,
            -3.049480953580208e-05,
            -5.607596574395795e-06,
            -76513.13887965803,
            266339.17705849564,
            -223000.39325607746,
            -0.0014857220379043332,
            0.0046971261628845845,
            -0.003617644769278899
        ],