{
    "tag": "Polynomial fit to database for wr_45 airfoil.",
    "degrees_of_freedom": [
        "trailing_flap_deflection",
        "alpha",
        "Rey",
        "Mach"
    ],
    "limits": [
        [
            -0.349065850399,
            0.349065850399
        ],
        [
            -0.279252680319,
            0.279252680319
        ],
        [
            910981.3826206145,
            52559109.30700514
        ],
        [
            0.37445183502509993,
            1.1233555050757
        ]
    ],
    "defaults": {
        "alpha": 0.0,
        "Rey": 47000000.0,
        "Mach": 0.85,
        "trailing_flap_deflection": 0.0,
        "trailing_flap_fraction": 0.3
    },
    "fit_degrees": {
        "CL": [
            3,
            3,
            1,
            2
        ],
        "CD": [
            2,
            2,
            2,
            3
        ],
        "Cm": [
            3,
            3,
            1,
            3
        ]
    },
    "fit_error": {
        "CL": {
            "R^2": 0.9948299794953517,
            "RMS": 0.059785033630096206,
            "RMSN": 0.027331545477898022
        },
        "CD": {
            "R^2": 0.9999813643493213,
            "RMS": 2.8045824117602036,
            "RMSN": 7.604176672853904
        },
        "Cm": {
            "R^2": 0.9694020496059488,
            "RMS": 0.019743731506263486,
            "RMSN": 0.042711632435914124
        }
    },
    "fit_coefs": {
        "CL": [
            2.6652630124713723,
            -7.620420310903546,
            6.8290271215400695,
            1.0564804778550732e-08,
            -3.270072416919304e-08,
            2.4519784394582124e-08,
            33.949109018408954,
            -90.9201257160801,
            88.49540432378379,
            3.8249025879143164e-08,
            -1.0637317660319036e-07,
            6.853763448327081e-08,
            -168.12916046876055,
            561.3175188207775,
            -461.6096439966022,
            -4.990829533705527e-07,
            1.5894370634553847e-06,
            -1.2253407431612512e-06,
            -1903.47182991916,
            6321.5785189697135,
            -5158.574191206705,
            -1.3070539718397216e-05,
            3.8708498554491645e-05,
            -2.828314252498536e-05,
            -12.182098836829802,
            52.63551319018819,
            -24.60654471011304,
            -6.492690871481676e-07,
            1.980461391124371e-06,
            -1.4923009296087117e-06,
            -816.0017073122942,
            2672.837239871252,
            -2148.2177844358744,
            -5.46045076514103e-07,
            1.5570162137513853e-06,
            -1.1622622915026583e-06,
            -2366.857623012632,
            8133.3387253092005,
            -6851.675370297356,
            1.126701812601295e-05,
            -3.575124121547512e-05,
            2.7955597647338932e-05,
            15872.032439840224,
            -50814.36227180979,
            39785.25539266207,
            1.8003000782596237e-05,
            -5.2267142989879106e-05,
            3.881888616211739e-05,
            -689.5715020327647,
            2219.671918731569,
            -1749.936727284836,
            -8.487092649601262e-06,
            2.5777333834119383e-05,
            -1.923614345725834e-05,
            -10926.191808151712,
            35584.437911088906,
            -28515.348309572415,
            -8.920870843926713e-05,
            0.00026973277308498043,
            -0.0001994605470061006,
            29609.08685833969,
            -93303.20745554223,
            72039.31075918209,
            0.0003668553226774388,
            -0.0011166049382528075,
            0.0008364975171967527,
            257611.39904955507,
            -823578.9451790476,
            646741.6292576627,
            0.0032555168066506542,
            -0.009758527633515392,
            0.0071852388383245635,
            -163.8928017741618,
            782.3618756265024,
            -836.0206384980049,
            -2.3380942242514637e-06,
            5.8943186527218524e-06,
            -3.6380017806808364e-06,
            8698.395424154876,
            -28744.218071244493,
            23214.0769992246,
            -0.00013937027781421083,
            0.0004124843203300264,
            -0.0003015832642128942,
            35391.77219652474,
            -114273.12472917166,
            90945.1692619206,
            0.0003342266890094942,
            -0.0009323785513186237,
            0.0006431375842071209,
            -125353.55356080511,
            415340.6237917168,
            -333768.65282114863,
            0.0030186090004346625,
            -0.008833723652266041,
            0.006390105184728462
        ],