{
    "tag": "Polynomial fit to database for wr_50 airfoil.",
    "degrees_of_freedom": [
        "trailing_flap_deflection",
        "alpha",
        "Rey",
        "Mach"
    ],
    "limits": [
        [
            -0.349065850399,
            0.349065850399
        ],
        [
            -0.279252680319,
            0.279252680319
        ],
        [
            859646.1338559756,
            49597319.96355967
        ],
        [
            0.37347356600750004,
            1.1204206980213
        ]
    ],
    "defaults": {
        "alpha": 0.0,
        "Rey": 47000000.0,
        "Mach": 0.85,
        "trailing_flap_deflection": 0.0,
        "trailing_flap_fraction": 0.3
    },
    "fit_degrees": {
        "CL": [
            3,
            3,
            1,
            2
        ],
        "CD": [
            2,
            2,
            2,
            3
        ],
        "Cm": [
            3,
            3,
            1,
            3
        ]
    },
    "fit_error": {
        "CL": {
            "R^2": 0.9954237852457842,
            "RMS": 0.05608324614655485,
            "RMSN": 0.02539270476591845
        },
        "CD": {
            "R^2": 0.999982460113688,
            "RMS": 2.787547922774956,
            "RMSN": 7.518733967096096
        },
        "Cm": {
            "R^2": 0.9720001751126608,
            "RMS": 0.018584496259394376,
            "RMSN": 0.03994904266504384
        }
    },
    "fit_coefs": {
        "CL": [
            2.7687198166346842,
            -7.832971172760838,
            7.054245971813636,
            2.5975884748346522e-09,
            -9.086307620473708e-09,
            7.499923757906736e-09,
            27.606273357790798,
            -69.93960149261616,
            71.45391249760031,
            -2.1320672464582463e-07,
            6.582433428365284e-07,
            -4.969890801648207e-07,
            -193.6148231755769,
            642.1152222707827,
            -524.0943840969484,
            -1.106499381770446e-06,
            3.475023840819458e-06,
            -2.661288983432505e-06,
            -1558.5387606866734,
            5237.7010319890005,
            -4325.953572476792,
            -8.521845469839303e-06,
            2.5240897463459897e-05,
            -1.8553511311493278e-05,
            -16.47793743912583,
            67.52738024656416,
            -37.36553269971013,
            -7.27834526054488e-07,
            2.2403296661251946e-06,
            -1.6991042846397204e-06,
            -827.4912065982888,
            2697.203922110765,
            -2157.84161289252,
            -2.882275648133517e-06,
            9.268637658790047e-06,
            -7.2653507572938035e-06,
            -2093.1310942330724,
            7258.703738075099,
            -6151.79644529899,
            7.846145323429255e-06,
            -2.633787244537617e-05,
            2.1440982318471433e-05,
            16629.861360870786,
            -52683.85809748893,
            40782.953147379885,
            7.122106579181015e-05,
            -0.00023086505193335797,
            0.00018222603843088235,
            -707.9807855373434,
            2285.8279365596254,
            -1806.5813211972109,
            -9.163483678018132e-06,
            2.8009670874623787e-05,
            -2.104846130958183e-05,
            -8915.939735672036,
            29313.57663506633,
            -23738.996121172702,
            -7.414207981468143e-05,
            0.00022768804891803543,
            -0.00017124862200891967,
            32207.15962204236,
            -101790.6846479927,
            78633.07577599993,
            0.0005633936335126433,
            -0.001704238908501977,
            0.0012693757322790726,
            186030.66836280827,
            -601848.3490501111,
            479175.18779538857,
            0.00289979710817257,
            -0.008784888442714366,
            0.006547975205061194,
            -163.28764871347704,
            779.9483284438663,
            -829.4458427335962,
            2.9664620609540483e-06,
            -1.1190039792863115e-05,
            9.74056008629724e-06,
            7353.877896395831,
            -24216.918924747522,
            19531.117448665012,
            5.336805699205733e-06,
            -4.152506942788037e-05,
            4.5864545794933236e-05,
            33338.0880180781,
            -108912.30053963521,
            87283.72565172601,
            0.00017102786597348796,
            -0.00035981198232668487,
            0.00016818972713165663,
            -107608.79714259239,
            347707.76868457487,
            -273461.83305937273,
            -3.3215778061217634e-05,
            0.0009396541491313707,
            -0.001214138911803838
        ],