{
    "tag": "Polynomial fit to database for wr_55 airfoil.",
    "degrees_of_freedom": [
        "trailing_flap_deflection",
        "alpha",
        "Rey",
        "Mach"
    ],
    "limits": [
        [
            -0.349065850399,
            0.261799387799
        ],
        [
            -0.279252680319,
            0.279252680319
        ],
        [
            811443.0863049959,
            46816243.1012921
        ],
        [
            0.3737790275541,
            1.1213370826619
        ]
    ],
    "defaults": {
        "alpha": 0.0,
        "Rey": 47000000.0,
        "Mach": 0.85,
        "trailing_flap_deflection": 0.0,
        "trailing_flap_fraction": 0.3
    },
    "fit_degrees": {
        "CL": [
            3,
            3,
            1,
            2
        ],
        "CD": [
            2,
            2,
            2,
            3
        ],
        "Cm": [
            3,
            3,
            1,
            3
        ]
    },
    "fit_error": {
        "CL": {
            "R^2": 0.9962076236932502,
            "RMS": 0.06043400073387661,
            "RMSN": 0.030044466022160245
        },
        "CD": {
            "R^2": 0.999977097246769,
            "RMS": 3.044824082555843,
            "RMSN": 9.50021113113647
        },
        "Cm": {
            "R^2": 0.9805189115989809,
            "RMS": 0.020183939172594003,
            "RMSN": 0.05051828379119581
        }
    },
    "fit_coefs": {
        "CL": [
            2.4509886606986995,
            -6.743488732101629,
            6.257060368138798,
            -4.416285170923035e-09,
            1.1936704919504128e-08,
            -7.997893611613441e-09,
            25.10777150349849,
            -61.58400530357111,
            64.39659952335676,
            -2.9564457189615406e-07,
            9.01922090063123e-07,
            -6.709932190796659e-07,
            -171.663426694742,
            580.4413772064908,
            -482.2033840336244,
            -1.0118033967866541e-06,
            3.1909995592647175e-06,
            -2.4535037656099093e-06,
            -1571.612762862401,
            5291.117130360155,
            -4368.908356218869,
            -6.897480810015158e-06,
            2.0583748604302363e-05,
            -1.5362333107822643e-05,
            0.41687222660809625,
            15.148940927988674,
            2.325801523714274,
            -8.695845557507773e-07,
            2.6301760944765853e-06,
            -1.9608001764675437e-06,
            -590.5944619935351,
            1969.7006051726967,
            -1609.7730513419947,
            -7.160345214261718e-06,
            2.16550879001126e-05,
            -1.6049970658588898e-05,
            -2794.74879699595,
            9416.658708902207,
            -7775.746044047536,
            1.5091415903993303e-05,
            -4.575475644956904e-05,
            3.431517354997888e-05,
            11141.960919904639,
            -35983.59061074086,
            28303.636764411982,
            0.00029650989368756116,
            -0.0009111603548678948,
            0.0006842486811060402,
            -742.893713524053,
            2401.6913373859556,
            -1900.505094051195,
            -7.465874160021337e-06,
            2.293029272529374e-05,
            -1.735827603616329e-05,
            -9497.113582017491,
            31178.96055089243,
            -25187.6840256891,
            2.083321172341257e-05,
            -6.493318647272571e-05,
            4.863208937044355e-05,
            29757.50256545942,
            -94626.79889092945,
            73558.92079941602,
            0.0005961402253886721,
            -0.0018413451528550302,
            0.001395167623979788,
            205400.3687834727,
            -667003.1931255474,
            531944.7761815748,
            0.0005906804370119391,
            -0.0016462926888806545,
            0.0011709783648309721,
            -2555.9970200474527,
            8397.292869388682,
            -6757.79683841861,
            -7.433884774807873e-06,
            2.2596521097088912e-05,
            -1.7125458077868168e-05,
            -17341.659289265477,
            56023.2369711895,
            -44524.70165446052,
            8.828674536257711e-05,
            -0.00027154642594304674,
            0.00020094193968526027,
            114182.43479751598,
            -365927.22155773215,
            286812.3703911312,
            0.0013769659625112313,
            -0.0042177486422226435,
            0.0031754905996611567,
            395605.0731649739,
            -1281073.4577315692,
            1020360.9047779456,
            -0.0006118120771988453,
            0.002360074675200801,
            -0.0019511324471065642
        ],