{
    "tag": "Polynomial fit to database for wr_60 airfoil.",
    "degrees_of_freedom": [
        "trailing_flap_deflection",
        "alpha",
        "Rey",
        "Mach"
    ],
    "limits": [
        [
            -0.349065850399,
            0.349065850399
        ],
        [
            -0.279252680319,
            0.279252680319
        ],
        [
            762401.7862867832,
            43986803.22755943
        ],
        [
            0.37374280041,
            1.1212284012306
        ]
    ],
    "defaults": {
        "alpha": 0.0,
        "Rey": 47000000.0,
        "Mach": 0.85,
        "trailing_flap_deflection": 0.0,
        "trailing_flap_fraction": 0.3
    },
    "fit_degrees": {
        "CL": [
            3,
            3,
            1,
            2
        ],
        "CD": [
            2,
            2,
            2,
            3
        ],
        "Cm": [
            3,
            3,
            1,
            3
        ]
    },
    "fit_error": {
        "CL": {
            "R^2": 0.9965996099484277,
            "RMS": 0.048881396075878346,
            "RMSN": 0.02260609263952346
        },
        "CD": {
            "R^2": 0.999979305114528,
            "RMS": 2.455071826085821,
            "RMSN": 6.77312968430803
        },
        "Cm": {
            "R^2": 0.9792874259508433,
            "RMS": 0.016022960773813977,
            "RMSN": 0.03504232181576067
        }
    },
    "fit_coefs": {
        "CL": [
            1.2554663474811678,
            -3.0020051530106104,
            3.007326704021007,
            -2.0079420202987524e-08,
            5.055511312652735e-08,
            -3.520043148951585e-08,
            41.82850461796474,
            -110.77274920897152,
            101.10421108362728,
            -3.946846148279081e-07,
            9.898646797195735e-07,
            -6.258203298700709e-07,
            -132.24203021607016,
            460.2967165465757,
            -389.82453212418017,
            2.8977941130853404e-06,
            -9.648905717789286e-06,
            7.776185293582354e-06,
            -2549.2160685598474,
            8322.79368545556,
            -6670.408482261897,
            1.8431807771962194e-05,
            -5.699979622084746e-05,
            4.312713833055996e-05,
            -5.137421662584455,
            35.342166106466756,
            -13.791725456938321,
            -2.189786622345889e-07,
            4.119164763924516e-07,
            -1.7435205611631474e-07,
            -764.6073167046534,
            2534.4781781753295,
            -2058.154752634514,
            -7.22673345318472e-06,
            2.0922869609119818e-05,
            -1.4758851016985377e-05,
            -1743.6586873609724,
            6185.305663419811,
            -5356.982073228685,
            -1.787467078391877e-05,
            5.340347576065134e-05,
            -3.873713616388498e-05,
            19721.375226319607,
            -62718.718236976456,
            48894.7027381693,
            6.611439587388617e-05,
            -0.00020648925093144193,
            0.00015239941071293486,
            -455.67842477293965,
            1479.3647190122726,
            -1170.385789703684,
            1.9112986986023213e-06,
            -7.165351714490028e-06,
            6.298802766101547e-06,
            -10693.958497694888,
            34547.931474979574,
            -27493.00412914465,
            -3.49204232503528e-05,
            0.00011259080481896395,
            -8.791931549979987e-05,
            21824.775107855985,
            -67986.24417399212,
            51781.1029973519,
            -0.0004466121775547433,
            0.0013845288831323495,
            -0.001054849237809055,
            328128.31071328605,
            -1035830.9901815188,
            802834.9767480696,
            -0.0020582618835011347,
            0.00615963587506409,
            -0.0045235518670842245,
            -657.0793456116928,
            2256.3500461029103,
            -1931.4154853690075,
            1.182178067545044e-05,
            -3.25578763620842e-05,
            2.2517841172474836e-05,
            6577.411807515455,
            -22689.90557110864,
            18981.177067405617,
            0.0001603381466767523,
            -0.00047623384143637913,
            0.00034762511200178903,
            58782.323782435094,
            -184368.82541216657,
            143067.3906133538,
            -0.000986704000435143,
            0.002832269700826745,
            -0.0020239023057303735,
            -141019.76904844207,
            474203.21055038366,
            -387253.18292589206,
            -0.004402545082563178,
            0.013185602764990662,
            -0.009716146535289828
        ],