{
    "tag": "Polynomial fit to database for wr_65 airfoil.",
    "degrees_of_freedom": [
        "trailing_flap_deflection",
        "alpha",
        "Rey",
        "Mach"
    ],
    "limits": [
        [
            -0.349065850399,
            0.349065850399
        ],
        [
            -0.279252680319,
            0.279252680319
        ],
        [
            713525.0849541952,
            41166859.881938756
        ],
        [
            0.37376566725819993,
            1.1212970017756
        ]
    ],
    "defaults": {
        "alpha": 0.0,
        "Rey": 47000000.0,
        "Mach": 0.85,
        "trailing_flap_deflection": 0.0,
        "trailing_flap_fraction": 0.3
    },
    "fit_degrees": {
        "CL": [
            3,
            3,
            1,
            2
        ],
        "CD": [
            2,
            2,
            2,
            3
        ],
        "Cm": [
            3,
            3,
            1,
            3
        ]
    },
    "fit_error": {
        "CL": {
            "R^2": 0.995167917574472,
            "RMS": 0.05806148751615048,
            "RMSN": 0.026444257475638916
        },
        "CD": {
            "R^2": 0.9999821525019236,
            "RMS": 2.686534951623677,
            "RMSN": 7.2329746147540686
        },
        "Cm": {
            "R^2": 0.9709812288970378,
            "RMS": 0.019161653548777767,
            "RMSN": 0.04112188887306745
        }
    },
    "fit_coefs": {
        "CL": [
            3.3072099488016726,
            -9.558043502388635,
            8.660883248381078,
            -7.193553166812275e-08,
            2.2635887420198712e-07,
            -1.7630639250521257e-07,
            25.95709062033745,
            -65.41158582305768,
            68.61777672997766,
            -8.522913581653242e-07,
            2.6149997781503545e-06,
            -1.9670165021989366e-06,
            -224.2227999506104,
            754.787110623616,
            -625.0897896579606,
            1.759924865616668e-06,
            -5.6482929618949115e-06,
            4.477639909795092e-06,
            -1781.7290668915514,
            5983.557028490347,
            -4933.5947469028,
            8.742971917223649e-06,
            -2.842447171380864e-05,
            2.2209534854707145e-05,
            -25.817322572038616,
            98.80045045732219,
            -62.95241071628992,
            -8.173293899438819e-07,
            2.491642851239374e-06,
            -1.8780677336764856e-06,
            -885.0535686871514,
            2899.011710166059,
            -2334.612922323292,
            1.8861557636292648e-07,
            -1.1750402642830439e-07,
            -2.2935866246381036e-07,
            -1943.9156911787961,
            6719.774927216619,
            -5683.231976597366,
            1.2912280576284096e-05,
            -3.963361561015965e-05,
            3.016573343461392e-05,
            19299.227163073916,
            -61471.28727066887,
            47928.135024958225,
            7.034728294664689e-05,
            -0.00021979084745948118,
            0.00016897930687969162,
            -902.041964575109,
            2934.4457266411605,
            -2343.5301913280505,
            2.236925629857232e-06,
            -8.082812681632637e-06,
            7.050367273322626e-06,
            -8768.046132324624,
            28977.862145499847,
            -23630.582050291792,
            4.930146548556359e-05,
            -0.00014896326017252676,
            0.00011142577627149175,
            37417.91080553636,
            -119605.52228336077,
            93651.44119850379,
            9.080878673182261e-05,
            -0.00020115583902054687,
            9.821121957500777e-05,
            218406.1794260887,
            -709653.7299574217,
            567687.5915149169,
            -0.00029882844668677124,
            0.0011054090431210787,
            -0.0009466672229097838,
            65.31845361524952,
            25.879893193745236,
            -222.0153532443002,
            5.6915276156587345e-06,
            -1.737056933385664e-05,
            1.2950376419879328e-05,
            9671.335979699395,
            -31719.714944099294,
            25554.486121038015,
            -5.206586339346108e-07,
            4.48202161725717e-06,
            -6.797759203879579e-06,
            22232.745509432923,
            -72817.61227634257,
            58402.40624676057,
            0.0005602376252046118,
            -0.001602492177805178,
            0.0011451878004482465,
            -201882.38535991023,
            647155.4348653867,
            -508568.9322510029,
            0.001734823809164632,
            -0.004970361663366102,
            0.003584829907963953
        ],