{
    "tag": "Polynomial fit to database for wr_70 airfoil.",
    "degrees_of_freedom": [
        "trailing_flap_deflection",
        "alpha",
        "Rey",
        "Mach"
    ],
    "limits": [
        [
            -0.349065850399,
            0.349065850399
        ],
        [
            -0.279252680319,
            0.279252680319
        ],
        [
            664631.3015480879,
            38345930.98536564
        ],
        [
            0.373780033186,
            1.1213400995576
        ]
    ],
    "defaults": {
        "alpha": 0.0,
        "Rey": 47000000.0,
        "Mach": 0.85,
        "trailing_flap_deflection": 0.0,
        "trailing_flap_fraction": 0.3
    },
    "fit_degrees": {
        "CL": [
            3,
            3,
            1,
            2
        ],
        "CD": [
            2,
            2,
            2,
            3
        ],
        "Cm": [
            3,
            3,
            1,
            3
        ]
    },
    "fit_error": {
        "CL": {
            "R^2": 0.994287005979908,
            "RMS": 0.06341644927767948,
            "RMSN": 0.02882407837002561
        },
        "CD": {
            "R^2": 0.9999826735766046,
            "RMS": 2.7832955111697775,
            "RMSN": 7.523709533810431
        },
        "Cm": {
            "R^2": 0.9724159100247615,
            "RMS": 0.018759902238467057,
            "RMSN": 0.04028937183027266
        }
    },
    "fit_coefs": {
        "CL": [
            3.4966431200891988,
            -10.134054114726853,
            9.148319037810458,
            -1.7836208237468895e-08,
            5.295067450708802e-08,
            -3.886595063595409e-08,
            22.897494019887773,
            -55.65567651157303,
            61.014039431799645,
            -1.1383311337018084e-06,
            3.504696197054156e-06,
            -2.642931851703427e-06,
            -212.70428591034184,
            715.7066146376391,
            -593.6580799994529,
            -1.5085526727057941e-06,
            4.819418129573329e-06,
            -3.7212438048034206e-06,
            -1680.9412752371823,
            5664.143021466178,
            -4692.666398401166,
            1.2186576462313121e-05,
            -3.82031289162352e-05,
            2.9122260052698278e-05,
            -35.73970738809498,
            130.43458102571034,
            -87.26563310108645,
            -1.2937128074849022e-06,
            3.911280450445178e-06,
            -2.920536656055381e-06,
            -841.679269416838,
            2781.842275025647,
            -2258.8453490590755,
            -2.0733285609051415e-07,
            5.744209263635149e-07,
            -3.8756258052228274e-07,
            -1897.4746808805946,
            6531.741707275716,
            -5522.456573224953,
            4.3235487845846146e-05,
            -0.00012886908588545572,
            9.527441967119935e-05,
            17738.64056585389,
            -57196.524595729206,
            45061.625846210954,
            0.00015705021117647005,
            -0.00045773231690440195,
            0.0003311969543851083,
            -1042.4170717206641,
            3373.0391287947286,
            -2678.3771706508633,
            -1.0473796186306867e-05,
            3.186082079217623e-05,
            -2.3903915260808395e-05,
            -7572.620581740329,
            25227.187294882708,
            -20748.95133837966,
            9.314906415370906e-05,
            -0.0002853067420859896,
            0.00021436025052880557,
            40628.64593900232,
            -128622.03560957625,
            99831.48424741712,
            0.0005885437210571892,
            -0.0017940565558723857,
            0.0013434531065425344,
            192771.92156187474,
            -628315.8782254243,
            505460.5951730819,
            -0.0010725449715743918,
            0.0033589645875373147,
            -0.0025616972848561087,
            -21.505094138334755,
            257.1846911311743,
            -376.5972679898958,
            1.9180767770447885e-05,
            -5.8954522037997166e-05,
            4.438630295294955e-05,
            7343.548010453953,
            -24890.879243669155,
            20635.296877097186,
            0.00010793583979660524,
            -0.00032891706449459957,
            0.000245237516704329,
            35752.60513488222,
            -112853.53562576007,
            87969.53398405995,
            -0.0008358880777798488,
            0.0026104715403562095,
            -0.0020088828882200704,
            -113143.01528577661,
            384496.2119853483,
            -316189.99987334444,
            -0.004560270390127327,
            0.014000956167507225,
            -0.010598025776812733
        ],