{
    "tag": "Polynomial fit to database for wr_75 airfoil.",
    "degrees_of_freedom": [
        "trailing_flap_deflection",
        "alpha",
        "Rey",
        "Mach"
    ],
    "limits": [
        [
            -0.349065850399,
            0.349065850399
        ],
        [
            -0.279252680319,
            0.279252680319
        ],
        [
            615732.4265746907,
            35524708.3306029
        ],
        [
            0.3738409856034,
            1.1215229568088
        ]
    ],
    "defaults": {
        "alpha": 0.0,
        "Rey": 47000000.0,
        "Mach": 0.85,
        "trailing_flap_deflection": 0.0,
        "trailing_flap_fraction": 0.3
    },
    "fit_degrees": {
        "CL": [
            3,
            3,
            1,
            2
        ],
        "CD": [
            2,
            2,
            2,
            3
        ],
        "Cm": [
            3,
            3,
            1,
            3
        ]
    },
    "fit_error": {
        "CL": {
            "R^2": 0.9940207889562432,
            "RMS": 0.06503967512202327,
            "RMSN": 0.029769197162887097
        },
        "CD": {
            "R^2": 0.9999822164134308,
            "RMS": 2.819380534572038,
            "RMSN": 7.678793956712361
        },
        "Cm": {
            "R^2": 0.9710536227217934,
            "RMS": 0.01933604576743722,
            "RMSN": 0.04174261325760171
        }
    },
    "fit_coefs": {
        "CL": [
            3.246524002190053,
            -9.291553737229233,
            8.512412768510508,
            -2.1712409168828275e-08,
            6.479518164464215e-08,
            -4.804786260872917e-08,
            15.246627332487705,
            -30.4023600720972,
            40.49541121091227,
            -1.1508292068885938e-06,
            3.490675813332809e-06,
            -2.587883472654193e-06,
            -206.47626014006585,
            696.0735760795128,
            -578.9119193712328,
            -1.639892214587184e-06,
            5.276981977605237e-06,
            -4.1018904618779375e-06,
            -1498.7259117502426,
            5064.71382714908,
            -4208.35357592618,
            1.238497314711859e-05,
            -3.780484816060812e-05,
            2.7911703161584556e-05,
            -44.18453915441599,
            157.4667869293902,
            -108.60985363126493,
            -1.4600831717444594e-06,
            4.423068156879905e-06,
            -3.306394165114803e-06,
            -805.8739513436216,
            2678.055790595136,
            -2191.527875087816,
            -2.6695653847100127e-06,
            8.53614916523132e-06,
            -6.627898901686037e-06,
            -1609.7482422936903,
            5637.277013809191,
            -4830.579942334247,
            2.5671345130525286e-05,
            -7.59680807164873e-05,
            5.604466508201434e-05,
            17541.438660306434,
            -56349.77751395851,
            44345.77021424306,
            0.00016045736879149268,
            -0.0004856218476552514,
            0.0003630985416487329,
            -1031.157087246517,
            3339.5418541152703,
            -2653.844764223249,
            -1.2843891102967168e-05,
            3.899033632898067e-05,
            -2.9169442614148154e-05,
            -4220.427129512209,
            14494.059011731506,
            -12284.711764718295,
            7.37115725735078e-05,
            -0.0002209823161853411,
            0.00016160454923603622,
            40345.94507975712,
            -128849.28057215946,
            100854.26287932365,
            0.0007806465965291781,
            -0.0023428967285025397,
            0.0017317156319638335,
            108093.52938662992,
            -360550.3074932549,
            296080.291224863,
            0.0004820831631101273,
            -0.001233602488481907,
            0.0008218588706035384,
            222.75767614931434,
            -475.3163703550655,
            163.87061487164442,
            1.2330306829273552e-05,
            -3.8306138245346935e-05,
            2.9165099455576932e-05,
            7657.949666019746,
            -25521.26143608383,
            20915.13266161487,
            0.00017794282338590598,
            -0.0005377645649004907,
            0.00040166070932962854,
            24530.561541226907,
            -79823.28516436314,
            63867.422794404076,
            0.0004306796435644357,
            -0.0011927119746699846,
            0.0008196863994242407,
            -129892.61135604365,
            425910.92241552385,
            -341106.6637416599,
            -0.001980801193786568,
            0.006290804157468414,
            -0.004897440010251022
        ],