{
    "tag": "Polynomial fit to database for wr_80 airfoil.",
    "degrees_of_freedom": [
        "trailing_flap_deflection",
        "alpha",
        "Rey",
        "Mach"
    ],
    "limits": [
        [
            -0.349065850399,
            0.349065850399
        ],
        [
            -0.279252680319,
            0.279252680319
        ],
        [
            566757.0415479022,
            32699071.42508158
        ],
        [
            0.37387286000119996,
            1.121618580004
        ]
    ],
    "defaults": {
        "alpha": 0.0,
        "Rey": 47000000.0,
        "Mach": 0.85,
        "trailing_flap_deflection": 0.0,
        "trailing_flap_fraction": 0.3
    },
    "fit_degrees": {
        "CL": [
            3,
            3,
            1,
            2
        ],
        "CD": [
            2,
            2,
            2,
            3
        ],
        "Cm": [
            3,
            3,
            1,
            3
        ]
    },
    "fit_error": {
        "CL": {
            "R^2": 0.9943551596407812,
            "RMS": 0.06292582684113897,
            "RMSN": 0.028720857315376245
        },
        "CD": {
            "R^2": 0.9999809505288461,
            "RMS": 2.720855470902717,
            "RMSN": 7.3654693255510555
        },
        "Cm": {
            "R^2": 0.9729197283380646,
            "RMS": 0.018615929109777316,
            "RMSN": 0.040099236319289126
        }
    },
    "fit_coefs": {
        "CL": [
            3.7120152314496453,
            -10.858895475830147,
            9.705902243910135,
            -2.552683533836882e-08,
            7.655849452293008e-08,
            -5.6061119134904426e-08,
            30.04494078637798,
            -77.95670257072307,
            77.74463570080461,
            -1.3752539119663674e-06,
            4.266510333261551e-06,
            -3.2372674522825956e-06,
            -215.97039025189898,
            726.9628944272011,
            -603.6118165252622,
            -7.377755936349611e-07,
            2.5116882104891728e-06,
            -2.028908531814942e-06,
            -1826.2328319931526,
            6094.463494322538,
            -4995.902482151508,
            1.5095561560670081e-05,
            -4.7891603015764946e-05,
            3.6848069463202975e-05,
            -34.652330858513324,
            126.35693249846186,
            -83.77186001607996,
            -1.4027675994072094e-06,
            4.267642797281986e-06,
            -3.202274313185825e-06,
            -796.2585663389414,
            2620.1919369461157,
            -2122.502806883492,
            -1.3838313129440786e-06,
            5.19908181641861e-06,
            -4.463934610017275e-06,
            -1923.0748209778524,
            6608.066657787629,
            -5575.79614287336,
            4.4523107670069496e-05,
            -0.00013262581356913774,
            9.770963677290723e-05,
            15394.928817800073,
            -49355.73687535262,
            38765.64181593341,
            0.00026455431937478607,
            -0.0008228043756075668,
            0.0006248707393639539,
            -1048.0237172517327,
            3389.615959808186,
            -2690.5435583433987,
            -1.2462059215121676e-05,
            3.8226517615055225e-05,
            -2.8906794580616433e-05,
            -8474.620232260651,
            27939.059027990806,
            -22719.65133084643,
            0.0001087842385086257,
            -0.0003331494011640678,
            0.000250705641122015,
            37960.522394554064,
            -120957.97368858616,
            94505.6643622322,
            0.0006943554269113336,
            -0.002115860102675885,
            0.0015861301828684813,
            209598.3781101656,
            -678381.3224452434,
            540485.316430462,
            -0.001411418706172828,
            0.00451274599162288,
            -0.0034899957652722684,
            44.68290368297251,
            59.91702694732058,
            -231.20302468773286,
            7.054336585917975e-06,
            -2.0937993560182657e-05,
            1.5167990748717139e-05,
            9180.71851577764,
            -30298.714044374297,
            24572.0613288906,
            -2.1358918078378156e-05,
            8.198184016560465e-05,
            -7.595184805131455e-05,
            28700.228389536398,
            -90527.92851484151,
            70410.54346620082,
            0.00015834819030598326,
            -0.0005062711883215172,
            0.00041484460539203825,
            -150361.98949475438,
            494924.22757788503,
            -398486.5267287864,
            -0.00026690211297789154,
            0.0006018102282584895,
            -0.00017181928821780255
        ],