{
    "tag": "Polynomial fit to database for wr_85 airfoil.",
    "degrees_of_freedom": [
        "trailing_flap_deflection",
        "alpha",
        "Rey",
        "Mach"
    ],
    "limits": [
        [
            -0.349065850399,
            0.349065850399
        ],
        [
            -0.279252680319,
            0.279252680319
        ],
        [
            517717.23929896817,
            29869717.965210635
        ],
        [
            0.3738662624837,
            1.121598787452
        ]
    ],
    "defaults": {
        "alpha": 0.0,
        "Rey": 47000000.0,
        "Mach": 0.85,
        "trailing_flap_deflection": 0.0,
        "trailing_flap_fraction": 0.3
    },
    "fit_degrees": {
        "CL": [
            3,
            3,
            1,
            2
        ],
        "CD": [
            2,
            2,
            2,
            3
        ],
        "Cm": [
            3,
            3,
            1,
            3
        ]
    },
    "fit_error": {
        "CL": {
            "R^2": 0.9956157214256586,
            "RMS": 0.05488925109737937,
            "RMSN": 0.025012978744427317
        },
        "CD": {
            "R^2": 0.9999820755061716,
            "RMS": 2.5855001356103626,
            "RMSN": 7.005130316859878
        },
        "Cm": {
            "R^2": 0.973021534303954,
            "RMS": 0.01811909258773035,
            "RMSN": 0.03888277334709159
        }
    },
    "fit_coefs": {
        "CL": [
            2.6754981145712837,
            -7.475143345689479,
            6.795105009907542,
            2.915707425161444e-09,
            -7.981801672091389e-09,
            5.866673119469205e-09,
            35.019467865044476,
            -92.8294874324743,
            88.48258238361267,
            -6.324897409918819e-07,
            1.9698277105904583e-06,
            -1.5031492106006163e-06,
            -182.76432469820224,
            608.5437563163501,
            -499.71497431300935,
            -1.038827322618793e-06,
            3.2494532469141844e-06,
            -2.48102354105605e-06,
            -1827.0931189160165,
            6062.962002089079,
            -4943.160261189363,
            -8.813379779947853e-06,
            2.447671497213836e-05,
            -1.6958579031511763e-05,
            -17.664690030945458,
            72.24955613480137,
            -41.8455866785712,
            -1.3680508351387198e-06,
            4.226471683902499e-06,
            -3.2169282875248422e-06,
            -808.2938109443548,
            2648.4113533358977,
            -2133.096891509075,
            -4.077444329627668e-06,
            1.394987259327814e-05,
            -1.1514731138102527e-05,
            -2263.7966644513363,
            7691.949094659395,
            -6411.970503425437,
            4.053361744771703e-05,
            -0.0001257302271800632,
            9.595301661121076e-05,
            14580.632415580587,
            -46650.746635502124,
            36499.04838826114,
            0.00022602004841735114,
            -0.0007149457378104981,
            0.0005542496176757167,
            -719.164991483338,
            2325.486099684554,
            -1840.542864862851,
            -1.4536397256076942e-05,
            4.407611337346772e-05,
            -3.290516363717968e-05,
            -9660.014248089348,
            31491.924371247387,
            -25300.786618406637,
            -3.320028164153179e-05,
            0.00010184857569545424,
            -7.43353254487673e-05,
            28136.208167543857,
            -89652.48236716694,
            69862.08210978519,
            0.000837742518708675,
            -0.002499428295347771,
            0.0018423498344805457,
            218785.57100079238,
            -702958.4184203506,
            555357.997931041,
            0.003687241496779076,
            -0.010971075354918765,
            0.0080106369135956,
            -142.19514105139172,
            677.8666411795309,
            -727.98829606451,
            7.803664437433137e-07,
            -5.853424313557241e-06,
            6.590613528011808e-06,
            8866.40045024744,
            -29060.056520718616,
            23351.325703407598,
            -0.00011457912545527322,
            0.00030552100798913497,
            -0.00020184277179193576,
            35777.993183636034,
            -114403.39505871732,
            90081.79965500525,
            0.0001593014015986106,
            -0.0002635868326534187,
            6.146803918019269e-05,
            -131159.67702070557,
            424183.11247379537,
            -334675.61303430004,
            0.001319905979630467,
            -0.002771176266387784,
            0.0013084475692252619
        ],