{
    "tag": "Polynomial fit to database for wr_95 airfoil.",
    "degrees_of_freedom": [
        "trailing_flap_deflection",
        "alpha",
        "Rey",
        "Mach"
    ],
    "limits": [
        [
            -0.349065850399,
            0.349065850399
        ],
        [
            -0.279252680319,
            0.279252680319
        ],
        [
            419588.0623297058,
            24208150.959640097
        ],
        [
            0.3737782923,
            1.1213348768999
        ]
    ],
    "defaults": {
        "alpha": 0.0,
        "Rey": 47000000.0,
        "Mach": 0.85,
        "trailing_flap_deflection": 0.0,
        "trailing_flap_fraction": 0.3
    },
    "fit_degrees": {
        "CL": [
            3,
            3,
            1,
            2
        ],
        "CD": [
            2,
            2,
            2,
            3
        ],
        "Cm": [
            3,
            3,
            1,
            3
        ]
    },
    "fit_error": {
        "CL": {
            "R^2": 0.9962276753274572,
            "RMS": 0.05012393192728777,
            "RMSN": 0.022752320128795543
        },
        "CD": {
            "R^2": 0.9999999999471526,
            "RMS": 130.2645318957809,
            "RMSN": 361.91596498863004
        },
        "Cm": {
            "R^2": 0.9765700225053157,
            "RMS": 0.01694085538268271,
            "RMSN": 0.03595391645359708
        }
    },
    "fit_coefs": {
        "CL": [
            1.6502706507487783,
            -4.560920588801335,
            4.257309372263356,
            3.0652849328697956e-08,
            -8.014639664017136e-08,
            5.520436018619469e-08,
            59.26411465355274,
            -170.72132708306293,
            149.6714317755598,
            -4.382592502962614e-08,
            2.9984146626623795e-07,
            -3.290879894298181e-07,
            -78.49711294134843,
            282.45317423790334,
            -246.3444273878827,
            -7.47161941359368e-06,
            2.079397358368546e-05,
            -1.4478031451366113e-05,
            -2530.267592596151,
            8305.642279027694,
            -6680.164724982398,
            -5.6516414478076744e-05,
            0.0001585299139634415,
            -0.00011058000672200255,
            12.339129742785836,
            -26.401805577552658,
            37.288453625569076,
            -5.591526393661472e-07,
            1.8464988937747162e-06,
            -1.5387645275228376e-06,
            -685.9060982377282,
            2235.9064435309124,
            -1793.6222895461804,
            -1.1442020230633075e-06,
            5.527223534776896e-06,
            -6.373993671004767e-06,
            -2914.1100935254694,
            9839.645254351428,
            -8144.194683383943,
            -1.482877417297251e-06,
            -3.4500919332022012e-06,
            9.026253806824129e-06,
            13648.889944679579,
            -43237.30050174591,
            33611.15961009347,
            6.696623012248556e-05,
            -0.000277960626965037,
            0.0002754325634065396,
            -340.5299013184828,
            1104.3478747683373,
            -866.5773039564762,
            -1.4300480999901032e-05,
            4.1176388945425285e-05,
            -2.920842915388647e-05,
            -12152.361872700692,
            39392.280854688535,
            -31424.800174182834,
            -0.00015987188384214982,
            0.00045964029546767044,
            -0.00031760549323555764,
            12022.89000078321,
            -38589.84508560512,
            29802.683655198725,
            0.001357894302168112,
            -0.00381605191318803,
            0.0026681129090455826,
            309533.39681039995,
            -991709.8015229997,
            779375.9304047106,
            0.010636954027056599,
            -0.030356926950110073,
            0.021281465870877554,
            -620.9426423660773,
            2228.2036722590933,
            -1950.4140707214497,
            1.5349516511838398e-05,
            -5.1617533783268085e-05,
            4.2048821715413304e-05,
            7022.934733749286,
            -23163.91566783562,
            18699.276345474616,
            7.17540778523514e-05,
            -0.0002594267526792169,
            0.00022592030872676248,
            41873.73599033989,
            -134488.36301685486,
            106254.58932302351,
            0.0009039078006961358,
            -0.0023852944426748196,
            0.0015549133333435383,
            -145304.3310366523,
            463409.3496224083,
            -361673.61365802574,
            0.0046190888655952295,
            -0.011830412592217713,
            0.007346468627255638
        ],