{
    "tag": "Polynomial fit to database for wr_90 airfoil.",
    "degrees_of_freedom": [
        "trailing_flap_deflection",
        "alpha",
        "Rey",
        "Mach"
    ],
    "limits": [
        [
            -0.349065850399,
            0.349065850399
        ],
        [
            -0.279252680319,
            0.279252680319
        ],
        [
            468756.2313784578,
            27044910.547442667
        ],
        [
            0.3739044530375,
            1.1217133591118
        ]
    ],
    "defaults": {
        "alpha": 0.0,
        "Rey": 47000000.0,
        "Mach": 0.85,
        "trailing_flap_deflection": 0.0,
        "trailing_flap_fraction": 0.3
    },
    "fit_degrees": {
        "CL": [
            3,
            3,
            1,
            2
        ],
        "CD": [
            2,
            2,
            2,
            3
        ],
        "Cm": [
            3,
            3,
            1,
            3
        ]
    },
    "fit_error": {
        "CL": {
            "R^2": 0.9946843427112433,
            "RMS": 0.06055824829697686,
            "RMSN": 0.02755310298930953
        },
        "CD": {
            "R^2": 0.9999812344804127,
            "RMS": 2.6047772175383477,
            "RMSN": 7.108144676273995
        },
        "Cm": {
            "R^2": 0.9702951697272213,
            "RMS": 0.019176248926078974,
            "RMSN": 0.04112755065130541
        }
    },
    "fit_coefs": {
        "CL": [
            2.810421255504561,
            -8.041414770911206,
            7.17480791217374,
            2.5142156933026005e-09,
            -6.082623769803403e-09,
            5.240264693164732e-09,
            48.87502955812506,
            -138.24309034275677,
            124.7954070793824,
            -6.571690489272553e-07,
            2.1498260914723776e-06,
            -1.7165357338513032e-06,
            -146.05268177956887,
            491.292605127989,
            -408.4134831729236,
            1.0495243926365677e-07,
            -1.281550309476976e-07,
            -1.5693040137097758e-08,
            -2348.472280375578,
            7703.212555049317,
            -6199.362798627593,
            -6.576930739063881e-06,
            1.5771925047722333e-05,
            -9.084635282203158e-06,
            -7.0799496252527865,
            36.617159728673094,
            -12.667686787926861,
            -1.2558610766264386e-06,
            3.950665283342642e-06,
            -3.059099807364154e-06,
            -749.3568138966526,
            2448.0821027299216,
            -1967.7314200096994,
            9.60039017389147e-07,
            -8.186127057461707e-07,
            -1.1205480286422283e-06,
            -2536.462117161737,
            8598.541388321682,
            -7140.646123877629,
            5.2556406764311175e-05,
            -0.0001672963974129955,
            0.00012952525799700488,
            15114.794269818909,
            -47976.3811846562,
            37260.03455238038,
            -0.00014390405436418786,
            0.0004068075384716119,
            -0.0002731329858492681,
            -730.1704287708184,
            2354.131556255066,
            -1856.6177988404386,
            -7.104457302052025e-06,
            2.1072192514993226e-05,
            -1.5637052040653182e-05,
            -10897.294770245762,
            35335.60819783693,
            -28200.75928206295,
            -3.8778670133979064e-05,
            0.00010203992307612226,
            -6.127365297506358e-05,
            31870.04799202013,
            -101615.91321862448,
            79211.22114173416,
            1.7071071646489763e-05,
            6.648861320514007e-05,
            -0.00011148650722544117,
            276185.68679882225,
            -879414.7442973375,
            686379.2621913783,
            0.0035561251309158114,
            -0.010167848453887473,
            0.007109500673282003,
            -300.92043591371123,
            1216.7000513091334,
            -1164.9411865959983,
            2.313491271385334e-05,
            -7.904328774247368e-05,
            6.416362011597279e-05,
            8325.774299309762,
            -27027.464938961264,
            21614.12497118859,
            5.433690945838448e-05,
            -0.00027951824576158776,
            0.00027621592106626434,
            34993.500709309934,
            -113685.80431985579,
            90339.24736166795,
            -0.0013196036171552283,
            0.004650543837894475,
            -0.003823146873363187,
            -157872.81188163406,
            496608.0252789611,
            -384462.1775416808,
            -0.0010564194746090821,
            0.0069061820773423065,
            -0.00729127091408585
        ],